-- phpMyAdmin SQL Dump
-- version 4.7.4
-- https://www.phpmyadmin.net/
--
-- Host: 127.0.0.1
-- Generation Time: Aug 17, 2023 at 10:18 AM
-- Server version: 10.1.30-MariaDB
-- PHP Version: 7.2.1

SET SQL_MODE = "NO_AUTO_VALUE_ON_ZERO";
SET AUTOCOMMIT = 0;
START TRANSACTION;
SET time_zone = "+00:00";


/*!40101 SET @OLD_CHARACTER_SET_CLIENT=@@CHARACTER_SET_CLIENT */;
/*!40101 SET @OLD_CHARACTER_SET_RESULTS=@@CHARACTER_SET_RESULTS */;
/*!40101 SET @OLD_COLLATION_CONNECTION=@@COLLATION_CONNECTION */;
/*!40101 SET NAMES utf8mb4 */;

--
-- Database: `easybusiness`
--

-- --------------------------------------------------------

--
-- Table structure for table `tbl_company_info`
--

CREATE TABLE `tbl_company_info` (
  `Inf_ID` int(11) NOT NULL,
  `Company_Name` varchar(30) NOT NULL,
  `PaymentType` varchar(50) NOT NULL
) ENGINE=InnoDB DEFAULT CHARSET=utf8;

-- --------------------------------------------------------

--
-- Table structure for table `tbl_currency`
--

CREATE TABLE `tbl_currency` (
  `ID` int(11) NOT NULL,
  `cur_name` varchar(30) DEFAULT NULL
) ENGINE=InnoDB DEFAULT CHARSET=utf8;

--
-- Dumping data for table `tbl_currency`
--

INSERT INTO `tbl_currency` (`ID`, `cur_name`) VALUES
(1, 'افغانی'),
(2, 'دالر');

-- --------------------------------------------------------

--
-- Table structure for table `tbl_customer_debt`
--

CREATE TABLE `tbl_customer_debt` (
  `cus_dbt_id` int(11) NOT NULL,
  `cus_id` int(11) NOT NULL,
  `INV_No` varchar(255) DEFAULT NULL,
  `Quantity` int(11) DEFAULT NULL,
  `Total_amount` decimal(10,0) DEFAULT NULL,
  `Discount` decimal(10,0) DEFAULT NULL,
  `Paid_amount` decimal(10,0) DEFAULT NULL,
  `Paid_currency` int(11) DEFAULT NULL,
  `Debt_amount` decimal(10,0) DEFAULT NULL,
  `G_ID` int(11) DEFAULT NULL,
  `Entry_Date` datetime DEFAULT NULL,
  `Session_User` varchar(50) DEFAULT NULL
) ENGINE=InnoDB DEFAULT CHARSET=utf8;

-- --------------------------------------------------------

--
-- Table structure for table `tbl_customer_reg`
--

CREATE TABLE `tbl_customer_reg` (
  `Cus_ID` int(11) NOT NULL,
  `Cus_name` varchar(30) NOT NULL,
  `lname` varchar(50) NOT NULL,
  `fname` varchar(50) NOT NULL,
  `Shop_name` varchar(50) DEFAULT NULL,
  `Market_name` varchar(50) DEFAULT NULL,
  `owner_name` varchar(50) NOT NULL,
  `shop_no` varchar(30) NOT NULL,
  `Phone` varchar(30) NOT NULL,
  `Address` varchar(30) DEFAULT NULL,
  `IMG` blob,
  `createdDate` datetime NOT NULL,
  `username` varchar(30) NOT NULL
) ENGINE=InnoDB DEFAULT CHARSET=utf8;

--
-- Dumping data for table `tbl_customer_reg`
--

INSERT INTO `tbl_customer_reg` (`Cus_ID`, `Cus_name`, `lname`, `fname`, `Shop_name`, `Market_name`, `owner_name`, `shop_no`, `Phone`, `Address`, `IMG`, `createdDate`, `username`) VALUES
(1, 'kaleem', '', '', 'habibjan solor system', 'niazi market', '', '', '0774878198', 'kabul', NULL, '0000-00-00 00:00:00', ''),
(2, 'رشاد', 'عالمی', 'عبدالغفور', 'رشید تیکه فروشی', 'تیمورشاهی', 'رشید', '322', '0771345674', 'تیمورشاهی کابل پل باغ عمومی', 0x32303334392d57494e5f32303230303630325f32325f33315f31315f50726f2e6a7067, '2021-02-10 22:01:07', '');

-- --------------------------------------------------------

--
-- Table structure for table `tbl_direct_sale`
--

CREATE TABLE `tbl_direct_sale` (
  `INV_No` varchar(255) NOT NULL,
  `Quantity` decimal(10,0) NOT NULL,
  `Total_amount` decimal(10,0) NOT NULL,
  `Discount` decimal(10,0) NOT NULL,
  `Paid_amount` decimal(10,0) NOT NULL,
  `Debt_amount` decimal(10,0) NOT NULL,
  `G_ID` int(11) NOT NULL,
  `Entry_date` datetime NOT NULL,
  `username` varchar(30) NOT NULL
) ENGINE=InnoDB DEFAULT CHARSET=utf8;

-- --------------------------------------------------------

--
-- Table structure for table `tbl_ex_expense`
--

CREATE TABLE `tbl_ex_expense` (
  `ex_id` int(11) NOT NULL,
  `ex_name` varchar(100) NOT NULL,
  `ex_amount` double DEFAULT NULL,
  `ex_date` varchar(30) NOT NULL,
  `ex_user` varchar(30) NOT NULL,
  `created_user` varchar(30) DEFAULT NULL,
  `created_date` datetime DEFAULT NULL
) ENGINE=InnoDB DEFAULT CHARSET=utf8;

-- --------------------------------------------------------

--
-- Table structure for table `tbl_goods_reg`
--

CREATE TABLE `tbl_goods_reg` (
  `G_ID` int(11) NOT NULL,
  `barcode` varchar(15) NOT NULL,
  `ProductName` varchar(50) NOT NULL,
  `GenricName` varchar(30) NOT NULL,
  `CompanyName` varchar(30) DEFAULT NULL,
  `p_size` varchar(30) DEFAULT NULL,
  `Purchase_Price` decimal(10,0) DEFAULT NULL,
  `Sale_Price` decimal(10,0) DEFAULT NULL,
  `MinStock` int(11) NOT NULL,
  `MaxStock` int(11) NOT NULL,
  `expire_date` date NOT NULL,
  `Entry_Date` datetime DEFAULT NULL,
  `Session_User` varchar(30) DEFAULT NULL
) ENGINE=InnoDB DEFAULT CHARSET=utf8;

--
-- Dumping data for table `tbl_goods_reg`
--

INSERT INTO `tbl_goods_reg` (`G_ID`, `barcode`, `ProductName`, `GenricName`, `CompanyName`, `p_size`, `Purchase_Price`, `Sale_Price`, `MinStock`, `MaxStock`, `expire_date`, `Entry_Date`, `Session_User`) VALUES
(3, '1001', 'بطری', '', 'TPS', 'N200H', '216', '250', 2, 10, '0000-00-00', '2020-10-08 22:44:22', NULL),
(4, '1002', 'بطری', '', 'TPS', 'N200H', '216', '250', 2, 10, '0000-00-00', '2020-10-08 22:44:39', NULL),
(5, '1003', 'بطری', '', 'thunder lite', 'N200H', '216', '250', 2, 10, '0000-00-00', '2020-10-08 22:47:04', NULL),
(6, '1004', 'betre', '', 'Thunder Lite', 'N200 L', '230', '250', 2, 20, '0000-00-00', '2020-10-10 22:33:43', NULL),
(7, '1006', 'Abazak', '', 'Lite', '1300', '140', '160', 4, 15, '0000-00-00', '2020-10-19 22:52:45', NULL),
(8, '1010', 'Prastamol', '', 'GETZ', '200m', '10', '30', 10, 100, '0000-00-00', '2023-08-13 16:57:33', NULL),
(9, '1011', 'Penadol', '', 'GETZ', '200mg', '10', '30', 10, 100, '0000-00-00', '2023-08-13 17:03:37', NULL),
(10, '1020', 'Prastamol', 'pstml', 'GETZ', '200g', '10', '30', 10, 100, '2023-09-14', '2023-08-14 10:22:42', NULL),
(11, '1030', 'Falajil', 'Falajil', 'GETZ', '250ml', '52', '58', 10, 100, '2024-12-17', '2023-08-16 19:15:40', NULL);

-- --------------------------------------------------------

--
-- Table structure for table `tbl_inst_cust_reg`
--

CREATE TABLE `tbl_inst_cust_reg` (
  `INST_ID` int(11) NOT NULL,
  `INST_name` varchar(30) NOT NULL,
  `Fname` varchar(30) DEFAULT NULL,
  `Company_name` varchar(30) NOT NULL,
  `Phone` varchar(30) NOT NULL,
  `Address` varchar(50) DEFAULT NULL,
  `System_kind` varchar(30) NOT NULL,
  `Info` varchar(255) DEFAULT NULL
) ENGINE=InnoDB DEFAULT CHARSET=utf8;

-- --------------------------------------------------------

--
-- Table structure for table `tbl_inv_no`
--

CREATE TABLE `tbl_inv_no` (
  `inv_id` int(11) NOT NULL,
  `inv_no` varchar(30) NOT NULL,
  `inv_date` datetime DEFAULT NULL,
  `session_user` varchar(30) DEFAULT NULL
) ENGINE=InnoDB DEFAULT CHARSET=utf8;

--
-- Dumping data for table `tbl_inv_no`
--

INSERT INTO `tbl_inv_no` (`inv_id`, `inv_no`, `inv_date`, `session_user`) VALUES
(1, 'INV_000001', NULL, NULL);

-- --------------------------------------------------------

--
-- Table structure for table `tbl_old_bill`
--

CREATE TABLE `tbl_old_bill` (
  `ol_id` int(11) NOT NULL,
  `cus_name` varchar(30) NOT NULL,
  `bill_no` int(11) DEFAULT NULL,
  `bill_date` varchar(30) NOT NULL,
  `company` varchar(30) NOT NULL,
  `amount_afg` double DEFAULT NULL,
  `amount_pk` double DEFAULT NULL,
  `total_amount` double DEFAULT NULL,
  `bill_type` varchar(30) NOT NULL,
  `created_user` varchar(30) DEFAULT NULL,
  `created_date` datetime DEFAULT NULL
) ENGINE=InnoDB DEFAULT CHARSET=utf8;

--
-- Dumping data for table `tbl_old_bill`
--

INSERT INTO `tbl_old_bill` (`ol_id`, `cus_name`, `bill_no`, `bill_date`, `company`, `amount_afg`, `amount_pk`, `total_amount`, `bill_type`, `created_user`, `created_date`) VALUES
(1, 'kaleem', 12312, '12/10/1402', 'baba jan', 1200, 12323, 1243223232, 'خرید', NULL, '2023-08-17 12:22:01');

-- --------------------------------------------------------

--
-- Table structure for table `tbl_purchase`
--

CREATE TABLE `tbl_purchase` (
  `P_ID` int(11) NOT NULL,
  `Quantity` decimal(10,0) DEFAULT NULL,
  `Total` decimal(10,0) DEFAULT NULL,
  `Total_Cost` decimal(10,0) NOT NULL,
  `Total_Sale_Cost` decimal(10,0) NOT NULL,
  `Currency` int(11) DEFAULT NULL,
  `Entry_Date` datetime DEFAULT NULL,
  `G_ID` int(11) NOT NULL,
  `Session_User` varchar(30) DEFAULT NULL
) ENGINE=InnoDB DEFAULT CHARSET=utf8;

--
-- Dumping data for table `tbl_purchase`
--

INSERT INTO `tbl_purchase` (`P_ID`, `Quantity`, `Total`, `Total_Cost`, `Total_Sale_Cost`, `Currency`, `Entry_Date`, `G_ID`, `Session_User`) VALUES
(9, '12', '1400', '1600', '200', 2, '2020-10-23 21:26:12', 7, NULL),
(10, '73', '2160', '2500', '340', 2, '2020-11-07 20:46:18', 3, NULL),
(12, '22', '4600', '5000', '400', 1, '2020-11-22 03:32:05', 6, NULL),
(13, '2', '432', '500', '68', 2, '2020-12-01 20:01:48', 4, NULL),
(14, '5', '50', '150', '100', 1, '2023-08-14 10:45:35', 10, NULL),
(15, '8', '520', '580', '60', 1, '2023-08-16 19:20:16', 11, NULL);

-- --------------------------------------------------------

--
-- Table structure for table `tbl_purchase_rep`
--

CREATE TABLE `tbl_purchase_rep` (
  `P_ID` int(11) NOT NULL,
  `Quantity` decimal(10,0) DEFAULT NULL,
  `Total` decimal(10,0) DEFAULT NULL,
  `Total_Cost` decimal(10,0) NOT NULL,
  `Total_Sale_Cost` decimal(10,0) NOT NULL,
  `Currency` int(11) DEFAULT NULL,
  `Entry_Date` datetime DEFAULT NULL,
  `G_ID` int(11) NOT NULL,
  `Session_User` varchar(30) DEFAULT NULL
) ENGINE=InnoDB DEFAULT CHARSET=utf8;

--
-- Dumping data for table `tbl_purchase_rep`
--

INSERT INTO `tbl_purchase_rep` (`P_ID`, `Quantity`, `Total`, `Total_Cost`, `Total_Sale_Cost`, `Currency`, `Entry_Date`, `G_ID`, `Session_User`) VALUES
(9, '10', '1400', '1600', '200', 2, '2020-10-23 21:26:12', 7, NULL),
(10, '10', '2160', '2500', '340', 2, '2020-11-07 20:46:19', 3, NULL),
(11, '20', '4600', '5000', '400', 1, '2020-11-22 03:32:05', 6, NULL),
(12, '10', '1400', '1600', '200', 2, '2020-11-25 20:46:05', 7, NULL),
(13, '10', '1400', '1600', '200', 2, '2020-11-29 20:33:30', 7, NULL),
(14, '10', '2300', '2500', '200', 2, '2020-11-30 20:28:44', 6, NULL),
(15, '5', '1150', '1250', '100', 2, '2020-11-30 20:32:05', 6, NULL),
(16, '2', '460', '500', '40', 2, '2020-11-30 20:50:30', 6, NULL),
(17, '2', '460', '500', '40', 2, '2020-11-30 20:53:19', 6, NULL),
(18, '2', '460', '500', '40', 2, '2020-11-30 20:55:10', 6, NULL),
(19, '2', '460', '500', '40', 2, '2020-11-30 22:20:04', 6, NULL),
(20, '2', '432', '500', '68', 2, '2020-12-01 20:01:48', 4, NULL),
(21, '5', '1080', '1250', '170', 2, '2023-08-13 14:27:21', 3, NULL),
(22, '2', '432', '500', '68', 2, '2023-08-13 17:05:02', 3, NULL),
(23, '5', '50', '150', '100', 1, '2023-08-14 10:45:35', 10, NULL),
(24, '10', '520', '580', '60', 1, '2023-08-16 19:20:16', 11, NULL);

-- --------------------------------------------------------

--
-- Table structure for table `tbl_sales`
--

CREATE TABLE `tbl_sales` (
  `INV_No` varchar(255) NOT NULL,
  `Quantity` decimal(10,0) DEFAULT NULL,
  `Total_amount` decimal(10,0) DEFAULT NULL,
  `Discount` decimal(10,0) DEFAULT NULL,
  `Paid_amount` decimal(10,0) DEFAULT NULL,
  `Paid_Afghani` decimal(10,0) DEFAULT NULL,
  `Debt_amount` decimal(10,0) DEFAULT NULL,
  `G_ID` int(11) DEFAULT NULL,
  `cus_id` int(11) DEFAULT NULL,
  `Entry_Date` datetime NOT NULL,
  `Session_User` varchar(30) DEFAULT NULL
) ENGINE=InnoDB DEFAULT CHARSET=utf8;

--
-- Dumping data for table `tbl_sales`
--

INSERT INTO `tbl_sales` (`INV_No`, `Quantity`, `Total_amount`, `Discount`, `Paid_amount`, `Paid_Afghani`, `Debt_amount`, `G_ID`, `cus_id`, `Entry_Date`, `Session_User`) VALUES
('INV1', '1', '250', NULL, '250', NULL, NULL, 6, NULL, '2021-02-12 20:36:55', NULL),
('INV2', '1', '160', NULL, '160', NULL, NULL, 7, NULL, '2021-02-12 20:37:11', NULL),
('INV3', '1', '250', NULL, '250', NULL, NULL, 6, NULL, '2021-02-12 20:37:21', NULL),
('INV4', '1', '250', NULL, '250', NULL, NULL, 6, NULL, '2021-02-12 20:37:48', NULL),
('INV5', '1', '250', NULL, '250', NULL, NULL, 6, NULL, '2021-02-12 20:38:00', NULL),
('INV6', '1', '160', NULL, '160', NULL, NULL, 7, NULL, '2021-02-12 20:38:11', NULL),
('INV7', '1', '160', NULL, '160', NULL, NULL, 7, NULL, '2021-02-12 20:38:22', NULL),
('INV8', '1', '160', NULL, '160', NULL, NULL, 7, NULL, '2021-02-12 20:38:32', NULL),
('INV9', '1', '160', NULL, '160', NULL, NULL, 7, NULL, '2021-02-12 20:38:41', NULL),
('INV10', '1', '160', NULL, '160', NULL, NULL, 7, NULL, '2021-02-12 20:38:51', NULL),
('INV11', '1', '250', NULL, '250', NULL, NULL, 6, NULL, '2021-02-12 20:53:09', NULL),
('INV12', '1', '250', NULL, NULL, NULL, '250', 6, 2, '2021-02-12 20:53:49', NULL),
('INV13', '1', '250', NULL, NULL, NULL, '250', 3, 2, '2021-02-12 20:58:57', NULL),
('INV14', '1', '250', '10', NULL, NULL, '240', 6, 1, '2021-02-12 21:00:09', NULL),
('INV15', '1', '250', NULL, '250', NULL, NULL, 6, NULL, '2021-02-12 23:46:46', NULL),
('INV16', '1', '250', '10', NULL, NULL, '240', 6, 2, '2021-02-13 21:17:34', NULL),
('INV17', '1', '250', '10', NULL, NULL, '240', 6, 1, '2021-02-13 21:18:44', NULL),
('INV18', '1', '250', NULL, '250', NULL, NULL, 6, NULL, '2021-12-21 14:10:48', NULL),
('INV19', '1', '250', '50', '200', NULL, NULL, 3, NULL, '2023-08-13 14:28:12', NULL),
('INV20', '10', '2500', '60', '2600', NULL, NULL, 3, NULL, '2023-08-13 17:05:24', NULL),
('INV20', '1', '160', '60', '2600', NULL, NULL, 7, NULL, '2023-08-13 17:05:44', NULL),
('INV21', '2', '116', '16', '100', NULL, NULL, 11, NULL, '2023-08-16 19:34:52', NULL),
('INV22', '1', '58', NULL, '58', NULL, NULL, 11, NULL, '2023-08-17 09:05:36', NULL);

-- --------------------------------------------------------

--
-- Table structure for table `tbl_sales_item_return`
--

CREATE TABLE `tbl_sales_item_return` (
  `INV_No` varchar(255) NOT NULL,
  `Quantity` decimal(10,0) DEFAULT NULL,
  `Total_amount` decimal(10,0) DEFAULT NULL,
  `Discount` decimal(10,0) DEFAULT NULL,
  `Paid_amount` decimal(10,0) DEFAULT NULL,
  `Paid_Afghani` decimal(10,0) DEFAULT NULL,
  `Debt_amount` decimal(10,0) DEFAULT NULL,
  `G_ID` int(11) DEFAULT NULL,
  `cus_id` int(11) DEFAULT NULL,
  `Entry_Date` datetime NOT NULL,
  `Session_User` varchar(30) DEFAULT NULL
) ENGINE=InnoDB DEFAULT CHARSET=utf8;

--
-- Dumping data for table `tbl_sales_item_return`
--

INSERT INTO `tbl_sales_item_return` (`INV_No`, `Quantity`, `Total_amount`, `Discount`, `Paid_amount`, `Paid_Afghani`, `Debt_amount`, `G_ID`, `cus_id`, `Entry_Date`, `Session_User`) VALUES
('', '1', '250', NULL, '410', NULL, NULL, 6, NULL, '2021-02-12 19:13:40', NULL),
('', '1', '160', NULL, '410', NULL, NULL, 7, NULL, '2021-02-12 19:14:33', NULL),
('', '1', '250', NULL, '250', NULL, NULL, 6, NULL, '2021-02-12 19:39:54', NULL),
('INV1', '1', '250', NULL, '250', NULL, NULL, 6, NULL, '2021-02-12 19:46:41', NULL),
('INV2', '2', '500', NULL, '500', NULL, NULL, 6, NULL, '2021-02-12 19:47:32', NULL),
('INV3', '1', '250', NULL, '250', NULL, NULL, 6, NULL, '2021-02-12 20:16:20', NULL),
('INV4', '1', '58', NULL, '58', NULL, NULL, 11, NULL, '2023-08-17 08:53:38', NULL),
('INV5', '1', '58', NULL, '58', NULL, NULL, 11, NULL, '2023-08-17 08:54:35', NULL);

-- --------------------------------------------------------

--
-- Table structure for table `tbl_sales_return_temp`
--

CREATE TABLE `tbl_sales_return_temp` (
  `INV_No` varchar(255) NOT NULL,
  `Quantity` decimal(10,0) DEFAULT NULL,
  `Total_amount` decimal(10,0) DEFAULT NULL,
  `Discount` decimal(10,0) DEFAULT NULL,
  `Paid_amount` decimal(10,0) DEFAULT NULL,
  `Paid_Afghani` decimal(10,0) DEFAULT NULL,
  `Debt_amount` decimal(10,0) DEFAULT NULL,
  `G_ID` int(11) DEFAULT NULL,
  `cus_id` int(11) DEFAULT NULL,
  `Entry_Date` datetime NOT NULL,
  `Session_User` varchar(30) DEFAULT NULL
) ENGINE=InnoDB DEFAULT CHARSET=utf8;

-- --------------------------------------------------------

--
-- Table structure for table `tbl_sales_temp`
--

CREATE TABLE `tbl_sales_temp` (
  `INV_No` varchar(255) NOT NULL,
  `Quantity` decimal(10,0) DEFAULT NULL,
  `Total_amount` decimal(10,0) DEFAULT NULL,
  `Discount` decimal(10,0) DEFAULT NULL,
  `Paid_amount` decimal(10,0) DEFAULT NULL,
  `Paid_Afghani` decimal(10,0) DEFAULT NULL,
  `Debt_amount` decimal(10,0) DEFAULT NULL,
  `G_ID` int(11) DEFAULT NULL,
  `cus_id` int(11) DEFAULT NULL,
  `Entry_Date` datetime NOT NULL,
  `Session_User` varchar(30) DEFAULT NULL
) ENGINE=InnoDB DEFAULT CHARSET=utf8;

--
-- Dumping data for table `tbl_sales_temp`
--

INSERT INTO `tbl_sales_temp` (`INV_No`, `Quantity`, `Total_amount`, `Discount`, `Paid_amount`, `Paid_Afghani`, `Debt_amount`, `G_ID`, `cus_id`, `Entry_Date`, `Session_User`) VALUES
('INV23', '1', '58', NULL, NULL, NULL, NULL, 11, NULL, '2023-08-17 11:16:03', NULL);

-- --------------------------------------------------------

--
-- Table structure for table `tbl_transport`
--

CREATE TABLE `tbl_transport` (
  `trn_id` int(11) NOT NULL,
  `company_name` varchar(30) NOT NULL,
  `bill_No` int(11) NOT NULL,
  `bill_Date` varchar(30) NOT NULL,
  `quantity` int(11) NOT NULL,
  `amount` double DEFAULT NULL,
  `created_user` varchar(30) DEFAULT NULL,
  `created_date` datetime DEFAULT NULL
) ENGINE=InnoDB DEFAULT CHARSET=utf8;

-- --------------------------------------------------------

--
-- Table structure for table `tbl_user`
--

CREATE TABLE `tbl_user` (
  `User_ID` int(11) NOT NULL,
  `username` varchar(30) NOT NULL,
  `email` varchar(50) DEFAULT NULL,
  `password` varchar(30) NOT NULL,
  `UserType` varchar(30) NOT NULL,
  `image` blob
) ENGINE=InnoDB DEFAULT CHARSET=utf8;

--
-- Dumping data for table `tbl_user`
--

INSERT INTO `tbl_user` (`User_ID`, `username`, `email`, `password`, `UserType`, `image`) VALUES
(1, 'RAEES K.K', 'kaleem@gmail.com', 'kaleemkhan', 'Admin', 0xffd8ffe000104a46494600010101006000600000ffe130ca4578696600004d4d002a000000080004013100020000000b0000104a8769000400000001000010568825000400000001000020a2ea1c00070000100c0000003e000000001cea000000100000000000000000000000000000000000000000000000000000000000000000000000000000000000000000000000000000000000000000000000000000000000000000000000000000000000000000000000000000000000000000000000000000000000000000000000000000000000000000000000000000000000000000000000000000000000000000000000000000000000000000000000000000000000000000000000000000000000000000000000000000000000000000000000000000000000000000000000000000000000000000000000000000000000000000000000000000000000000000000000000000000000000000000000000000000000000000000000000000000000000000000000000000000000000000000000000000000000000000000000000000000000000000000000000000000000000000000000000000000000000000000000000000000000000000000000000000000000000000000000000000000000000000000000000000000000000000000000000000000000000000000000000000000000000000000000000000000000000000000000000000000000000000000000000000000000000000000000000000000000000000000000000000000000000000000000000000000000000000000000000000000000000000000000000000000000000000000000000000000000000000000000000000000000000000000000000000000000000000000000000000000000000000000000000000000000000000000000000000000000000000000000000000000000000000000000000000000000000000000000000000000000000000000000000000000000000000000000000000000000000000000000000000000000000000000000000000000000000000000000000000000000000000000000000000000000000000000000000000000000000000000000000000000000000000000000000000000000000000000000000000000000000000000000000000000000000000000000000000000000000000000000000000000000000000000000000000000000000000000000000000000000000000000000000000000000000000000000000000000000000000000000000000000000000000000000000000000000000000000000000000000000000000000000000000000000000000000000000000000000000000000000000000000000000000000000000000000000000000000000000000000000000000000000000000000000000000000000000000000000000000000000000000000000000000000000000000000000000000000000000000000000000000000000000000000000000000000000000000000000000000000000000000000000000000000000000000000000000000000000000000000000000000000000000000000000000000000000000000000000000000000000000000000000000000000000000000000000000000000000000000000000000000000000000000000000000000000000000000000000000000000000000000000000000000000000000000000000000000000000000000000000000000000000000000000000000000000000000000000000000000000000000000000000000000000000000000000000000000000000000000000000000000000000000000000000000000000000000000000000000000000000000000000000000000000000000000000000000000000000000000000000000000000000000000000000000000000000000000000000000000000000000000000000000000000000000000000000000000000000000000000000000000000000000000000000000000000000000000000000000000000000000000000000000000000000000000000000000000000000000000000000000000000000000000000000000000000000000000000000000000000000000000000000000000000000000000000000000000000000000000000000000000000000000000000000000000000000000000000000000000000000000000000000000000000000000000000000000000000000000000000000000000000000000000000000000000000000000000000000000000000000000000000000000000000000000000000000000000000000000000000000000000000000000000000000000000000000000000000000000000000000000000000000000000000000000000000000000000000000000000000000000000000000000000000000000000000000000000000000000000000000000000000000000000000000000000000000000000000000000000000000000000000000000000000000000000000000000000000000000000000000000000000000000000000000000000000000000000000000000000000000000000000000000000000000000000000000000000000000000000000000000000000000000000000000000000000000000000000000000000000000000000000000000000000000000000000000000000000000000000000000000000000000000000000000000000000000000000000000000000000000000000000000000000000000000000000000000000000000000000000000000000000000000000000000000000000000000000000000000000000000000000000000000000000000000000000000000000000000000000000000000000000000000000000000000000000000000000000000000000000000000000000000000000000000000000000000000000000000000000000000000000000000000000000000000000000000000000000000000000000000000000000000000000000000000000000000000000000000000000000000000000000000000000000000000000000000000000000000000000000000000000000000000000000000000000000000000000000000000000000000000000000000000000000000000000000000000000000000000000000000000000000000000000000000000000000000000000000000000000000000000000000000000000000000000000000000000000000000000000000000000000000000000000000000000000000000000000000000000000000000000000000000000000000000000000000000000000000000000000000000000000000000000000000000000000000000000000000000000000000000000000000000000000000000000000000000000000000000000000000000000000000000000000000000000000000000000000000000000000000000000000000000000000000000000000000000000000000000000000000000000000000000000000000000000000000000000000000000000000000000000000000000000000000000000000000000000000000000000000000000000000000000000000000000000000000000000000000000000000000000000000000000000000000000000000000000000000000000000000000000000000000000000000000000000000000000000000000000000000000000000000000000000000000000000000000000000000000000000000000000000000000000000000000000000000000000000000000000000000000000000000000000000000000000000000000000000000000000000000000000000000000000000000000000000000000000000000000000000000000000000000000000000000000000000000000000000000000000000000000000000000000000000000000000000000000000000000000000000000000000000000000000000000000000000000000000000000000000000000000000000000000000000000000000000000000000000000000000000000000000000000000000000000000000000000000000000000000000000000000000000000000000000000000000000000000000000000000000000000000000000000000000000000000000000000000000000000000000000000000000000000000000000000000000000000000000000000000000000000000000000000000000000000000000000000000000000000000000000000000000000000000000000000000000000000000000000000000000000000000000000000000000000000000000000000000000000000000000000000000000000000000000000000000000000000000000000000000000000000000000000000000000000000000000000000000000000000000000000000000000000000000000000000000000000000000000000000000000000000000000000000000000000000000000000000000000000000000000000000000000000000000000000000000000000000000000000000000000000000000000000000000000000000000000000000000000000000000000000000000000000000000000000000000000000000000000000000000000000000000000000000000000000000000000000000000000000000000000000000000000000000000000000000000000000000000000000000000000000000000000000000000000000000000000000000000000000000000000000000000000000000000000000000000000000000000000000000000000000000000000000000000000000000000000000000000000000000000000000000000000000000000000000000000000000000000000000000000000000000000000000000000000000000000000000000000000000000000000000000000000000000000000000000000000000000000000000000000000000000000000000000000000000000000000000000000000000000000000000000000000000000000000000000000000000000000000000000000000000000000000000000000000000000000000000000000000000000000000000000000000000000000000000000000000000000000000000000000000000000000000000000000000000000000000000000000000000000000000000000000000000000000000000000000000000000000000000000000000000000000000000000000000000000000000000000000000000000000000000000000000000000000000000000000000000000000000000000000000000000000000000000000000000000000000000000000000000000000000000000000000000000000000000000000000000000000000000000000000000000000000000000000000000000000000000000000000000000000000000000000000000000000000000000000000000000000000000000000000000000000000000000000000000000000000000000000000000000000000000000000000000000000000000000000000000000000000000000000000000000000000000000000000000000000000000000000000000000000000000000000000000000000000000000000000000000000000000000000000000000000000000000000000000000000000000000000000000000000000000000000000000000000000000000000000000000000000000000000000000000000000000000000000000000000000000000000000000000000000000000000000000000000000000000000000000000000000000000000000000000000000000000000000000000000000000000000000000000000000000000000000000000000000000000000000000000000057696e646f77732031300000000390030002000000140000208c929100020000000435333200ea1c00070000100c00001080000000001cea0000001000000000000000000000000000000000000000000000000000000000000000000000000000000000000000000000000000000000000000000000000000000000000000000000000000000000000000000000000000000000000000000000000000000000000000000000000000000000000000000000000000000000000000000000000000000000000000000000000000000000000000000000000000000000000000000000000000000000000000000000000000000000000000000000000000000000000000000000000000000000000000000000000000000000000000000000000000000000000000000000000000000000000000000000000000000000000000000000000000000000000000000000000000000000000000000000000000000000000000000000000000000000000000000000000000000000000000000000000000000000000000000000000000000000000000000000000000000000000000000000000000000000000000000000000000000000000000000000000000000000000000000000000000000000000000000000000000000000000000000000000000000000000000000000000000000000000000000000000000000000000000000000000000000000000000000000000000000000000000000000000000000000000000000000000000000000000000000000000000000000000000000000000000000000000000000000000000000000000000000000000000000000000000000000000000000000000000000000000000000000000000000000000000000000000000000000000000000000000000000000000000000000000000000000000000000000000000000000000000000000000000000000000000000000000000000000000000000000000000000000000000000000000000000000000000000000000000000000000000000000000000000000000000000000000000000000000000000000000000000000000000000000000000000000000000000000000000000000000000000000000000000000000000000000000000000000000000000000000000000000000000000000000000000000000000000000000000000000000000000000000000000000000000000000000000000000000000000000000000000000000000000000000000000000000000000000000000000000000000000000000000000000000000000000000000000000000000000000000000000000000000000000000000000000000000000000000000000000000000000000000000000000000000000000000000000000000000000000000000000000000000000000000000000000000000000000000000000000000000000000000000000000000000000000000000000000000000000000000000000000000000000000000000000000000000000000000000000000000000000000000000000000000000000000000000000000000000000000000000000000000000000000000000000000000000000000000000000000000000000000000000000000000000000000000000000000000000000000000000000000000000000000000000000000000000000000000000000000000000000000000000000000000000000000000000000000000000000000000000000000000000000000000000000000000000000000000000000000000000000000000000000000000000000000000000000000000000000000000000000000000000000000000000000000000000000000000000000000000000000000000000000000000000000000000000000000000000000000000000000000000000000000000000000000000000000000000000000000000000000000000000000000000000000000000000000000000000000000000000000000000000000000000000000000000000000000000000000000000000000000000000000000000000000000000000000000000000000000000000000000000000000000000000000000000000000000000000000000000000000000000000000000000000000000000000000000000000000000000000000000000000000000000000000000000000000000000000000000000000000000000000000000000000000000000000000000000000000000000000000000000000000000000000000000000000000000000000000000000000000000000000000000000000000000000000000000000000000000000000000000000000000000000000000000000000000000000000000000000000000000000000000000000000000000000000000000000000000000000000000000000000000000000000000000000000000000000000000000000000000000000000000000000000000000000000000000000000000000000000000000000000000000000000000000000000000000000000000000000000000000000000000000000000000000000000000000000000000000000000000000000000000000000000000000000000000000000000000000000000000000000000000000000000000000000000000000000000000000000000000000000000000000000000000000000000000000000000000000000000000000000000000000000000000000000000000000000000000000000000000000000000000000000000000000000000000000000000000000000000000000000000000000000000000000000000000000000000000000000000000000000000000000000000000000000000000000000000000000000000000000000000000000000000000000000000000000000000000000000000000000000000000000000000000000000000000000000000000000000000000000000000000000000000000000000000000000000000000000000000000000000000000000000000000000000000000000000000000000000000000000000000000000000000000000000000000000000000000000000000000000000000000000000000000000000000000000000000000000000000000000000000000000000000000000000000000000000000000000000000000000000000000000000000000000000000000000000000000000000000000000000000000000000000000000000000000000000000000000000000000000000000000000000000000000000000000000000000000000000000000000000000000000000000000000000000000000000000000000000000000000000000000000000000000000000000000000000000000000000000000000000000000000000000000000000000000000000000000000000000000000000000000000000000000000000000000000000000000000000000000000000000000000000000000000000000000000000000000000000000000000000000000000000000000000000000000000000000000000000000000000000000000000000000000000000000000000000000000000000000000000000000000000000000000000000000000000000000000000000000000000000000000000000000000000000000000000000000000000000000000000000000000000000000000000000000000000000000000000000000000000000000000000000000000000000000000000000000000000000000000000000000000000000000000000000000000000000000000000000000000000000000000000000000000000000000000000000000000000000000000000000000000000000000000000000000000000000000000000000000000000000000000000000000000000000000000000000000000000000000000000000000000000000000000000000000000000000000000000000000000000000000000000000000000000000000000000000000000000000000000000000000000000000000000000000000000000000000000000000000000000000000000000000000000000000000000000000000000000000000000000000000000000000000000000000000000000000000000000000000000000000000000000000000000000000000000000000000000000000000000000000000000000000000000000000000000000000000000000000000000000000000000000000000000000000000000000000000000000000000000000000000000000000000000000000000000000000000000000000000000000000000000000000000000000000000000000000000000000000000000000000000000000000000000000000000000000000000000000000000000000000000000000000000000000000000000000000000000000000000000000000000000000000000000000000000000000000000000000000000000000000000000000000000000000000000000000000000000000000000000000000000000000000000000000000000000000000000000000000000000000000000000000000000000000000000000000000000000000000000000000000000000000000000000000000000000000000000000000000000000000000000000000000000000000000000000000000000000000000000000000000000000000000000000000000000000000000000000000000000000000000000000000000000000000000000000000000000000000000000000000000000000000000000000000000000000000000000000000000000000000000000000000000000000000000000000000000000000000000000000000000000000000000000000000000000000000000000000000000000000000000000000000000000000000000000000000000000000000000000000000000000000000000000000000000000000000000000000000000000000000000000000000000000000000000000000000000000000000000000000000000000000000000000000000000000000000000000000000000000000000000000000000000000000000000000000000000000000000000000000000000000000000000000000000000000000000000000000000000000000000000000000000000000000000000000000000000000000000000000000000000000000000000000000000000000000000000000000000000000000000000000000000000000000000000000000000000000000000000000000000000000000000000000000000000000000000000000000000000000000000000000000000000000000000000000000000000000000000000000000000000000000000000000000000000000000000000000000000000000000000000000000000000000000000000000000000000000000000000000000000000000000000000000000000000000000000000000000000000000000000000000000000000000000000000000000000000000000000000000000000000000000000000000000000000000000000000000000000000000000000000000000000000000000000000000000000000000000000000000000000000000000000000000000000000000000000000000000000000000000000000000000000000000000000000000000000000000000000000000000000000000000000000000000000000000000000000000000000000000000000000000000000000000000000000000000000000000000000000000000000000000000000000000000000000000000000000000000000323032303a30363a30322032323a33313a31310000000001ea1c00070000100c000020b4000000001cea00000010000000000000000000000000000000000000000000000000000000000000000000000000000000000000000000000000000000000000000000000000000000000000000000000000000000000000000000000000000000000000000000000000000000000000000000000000000000000000000000000000000000000000000000000000000000000000000000000000000000000000000000000000000000000000000000000000000000000000000000000000000000000000000000000000000000000000000000000000000000000000000000000000000000000000000000000000000000000000000000000000000000000000000000000000000000000000000000000000000000000000000000000000000000000000000000000000000000000000000000000000000000000000000000000000000000000000000000000000000000000000000000000000000000000000000000000000000000000000000000000000000000000000000000000000000000000000000000000000000000000000000000000000000000000000000000000000000000000000000000000000000000000000000000000000000000000000000000000000000000000000000000000000000000000000000000000000000000000000000000000000000000000000000000000000000000000000000000000000000000000000000000000000000000000000000000000000000000000000000000000000000000000000000000000000000000000000000000000000000000000000000000000000000000000000000000000000000000000000000000000000000000000000000000000000000000000000000000000000000000000000000000000000000000000000000000000000000000000000000000000000000000000000000000000000000000000000000000000000000000000000000000000000000000000000000000000000000000000000000000000000000000000000000000000000000000000000000000000000000000000000000000000000000000000000000000000000000000000000000000000000000000000000000000000000000000000000000000000000000000000000000000000000000000000000000000000000000000000000000000000000000000000000000000000000000000000000000000000000000000000000000000000000000000000000000000000000000000000000000000000000000000000000000000000000000000000000000000000000000000000000000000000000000000000000000000000000000000000000000000000000000000000000000000000000000000000000000000000000000000000000000000000000000000000000000000000000000000000000000000000000000000000000000000000000000000000000000000000000000000000000000000000000000000000000000000000000000000000000000000000000000000000000000000000000000000000000000000000000000000000000000000000000000000000000000000000000000000000000000000000000000000000000000000000000000000000000000000000000000000000000000000000000000000000000000000000000000000000000000000000000000000000000000000000000000000000000000000000000000000000000000000000000000000000000000000000000000000000000000000000000000000000000000000000000000000000000000000000000000000000000000000000000000000000000000000000000000000000000000000000000000000000000000000000000000000000000000000000000000000000000000000000000000000000000000000000000000000000000000000000000000000000000000000000000000000000000000000000000000000000000000000000000000000000000000000000000000000000000000000000000000000000000000000000000000000000000000000000000000000000000000000000000000000000000000000000000000000000000000000000000000000000000000000000000000000000000000000000000000000000000000000000000000000000000000000000000000000000000000000000000000000000000000000000000000000000000000000000000000000000000000000000000000000000000000000000000000000000000000000000000000000000000000000000000000000000000000000000000000000000000000000000000000000000000000000000000000000000000000000000000000000000000000000000000000000000000000000000000000000000000000000000000000000000000000000000000000000000000000000000000000000000000000000000000000000000000000000000000000000000000000000000000000000000000000000000000000000000000000000000000000000000000000000000000000000000000000000000000000000000000000000000000000000000000000000000000000000000000000000000000000000000000000000000000000000000000000000000000000000000000000000000000000000000000000000000000000000000000000000000000000000000000000000000000000000000000000000000000000000000000000000000000000000000000000000000000000000000000000000000000000000000000000000000000000000000000000000000000000000000000000000000000000000000000000000000000000000000000000000000000000000000000000000000000000000000000000000000000000000000000000000000000000000000000000000000000000000000000000000000000000000000000000000000000000000000000000000000000000000000000000000000000000000000000000000000000000000000000000000000000000000000000000000000000000000000000000000000000000000000000000000000000000000000000000000000000000000000000000000000000000000000000000000000000000000000000000000000000000000000000000000000000000000000000000000000000000000000000000000000000000000000000000000000000000000000000000000000000000000000000000000000000000000000000000000000000000000000000000000000000000000000000000000000000000000000000000000000000000000000000000000000000000000000000000000000000000000000000000000000000000000000000000000000000000000000000000000000000000000000000000000000000000000000000000000000000000000000000000000000000000000000000000000000000000000000000000000000000000000000000000000000000000000000000000000000000000000000000000000000000000000000000000000000000000000000000000000000000000000000000000000000000000000000000000000000000000000000000000000000000000000000000000000000000000000000000000000000000000000000000000000000000000000000000000000000000000000000000000000000000000000000000000000000000000000000000000000000000000000000000000000000000000000000000000000000000000000000000000000000000000000000000000000000000000000000000000000000000000000000000000000000000000000000000000000000000000000000000000000000000000000000000000000000000000000000000000000000000000000000000000000000000000000000000000000000000000000000000000000000000000000000000000000000000000000000000000000000000000000000000000000000000000000000000000000000000000000000000000000000000000000000000000000000000000000000000000000000000000000000000000000000000000000000000000000000000000000000000000000000000000000000000000000000000000000000000000000000000000000000000000000000000000000000000000000000000000000000000000000000000000000000000000000000000000000000000000000000000000000000000000000000000000000000000000000000000000000000000000000000000000000000000000000000000000000000000000000000000000000000000000000000000000000000000000000000000000000000000000000000000000000000000000000000000000000000000000000000000000000000000000000000000000000000000000000000000000000000000000000000000000000000000000000000000000000000000000000000000000000000000000000000000000000000000000000000000000000000000000000000000000000000000000000000000000000000000000000000000000000000000000000000000000000000000000000000000000000000000000000000000000000000000000000000000000000000000000000000000000000000000000000000000000000000000000000000000000000000000000000000000000000000000000000000000000000000000000000000000000000000000000000000000000000000000000000000000000000000000000000000000000000000000000000000000000000000000000000000000000000000000000000000000000000000000000000000000000000000000000000000000000000000000000000000000000000000000000000000000000000000000000000000000000000000000000000000000000000000000000000000000000000000000000000000000000000000000000000000000000000000000000000000000000000000000000000000000000000000000000000000000000000000000000000000000000000000000000000000000000000000000000000000000000000000000000000000000000000000000000000000000000000000000000000000000000000000000000000000000000000000000000000000000000000000000000000000000000000000000000000000000000000000000000000000000000000000000000000000000000000000000000000000000000000000000000000000000000000000000000000000000000000000000000000000000000000000000000000000000000000000000000000000000000000000000000000000000000000000000000000000000000000000000000000000000000000000000000000000000000000000000000000000000000000000000000000000000000000000000000000000000000000000000000000000000000000000000000000000000000000000000000000000000000000000000000000000000000000000000000000000000000000000000000000000000000000000000000000000000000000000000000000000000000000000000000000000000000000000000000000000000000000000000000000000000000000000000000000000000000000000000000000000000000000000000000000000000000000000000000000000000000000000000000000000000000000000000000000000000ffdb0043000302020302020303030304030304050805050404050a070706080c0a0c0c0b0a0b0b0d0e12100d0e110e0b0b1016101113141515150c0f171816141812141514ffdb00430103040405040509050509140d0b0d1414141414141414141414141414141414141414141414141414141414141414141414141414141414141414141414141414ffc000110802d0050003012200021101031101ffc4001f0000010501010101010100000000000000000102030405060708090a0bffc400b5100002010303020403050504040000017d01020300041105122131410613516107227114328191a1082342b1c11552d1f02433627282090a161718191a25262728292a3435363738393a434445464748494a535455565758595a636465666768696a737475767778797a838485868788898a92939495969798999aa2a3a4a5a6a7a8a9aab2b3b4b5b6b7b8b9bac2c3c4c5c6c7c8c9cad2d3d4d5d6d7d8d9dae1e2e3e4e5e6e7e8e9eaf1f2f3f4f5f6f7f8f9faffc4001f0100030101010101010101010000000000000102030405060708090a0bffc400b51100020102040403040705040400010277000102031104052131061241510761711322328108144291a1b1c109233352f0156272d10a162434e125f11718191a262728292a35363738393a434445464748494a535455565758595a636465666768696a737475767778797a82838485868788898a92939495969798999aa2a3a4a5a6a7a8a9aab2b3b4b5b6b7b8b9bac2c3c4c5c6c7c8c9cad2d3d4d5d6d7d8d9dae2e3e4e5e6e7e8e9eaf2f3f4f5f6f7f8f9faffda000c03010002110311003f00f6bd420124cb8ebdead3471c5087eac05473b3365f196aa91dc4d73b8360051935ec4a4dae564d36e9dcb37114b3460a8e3dcd4624648c28e08c73512cd26ed9cd48d19270738ee41ae49d3525ca1293911e4cd29676a64d1a5e0caf20707eb52342aa7209c77cd3e1854478538e73d6b18d2e51f36b762da46d6c323e5e302a4fedab8b5c9277a83c803ad42ccdbf1bf229927cadcf20f5a5286a4ca3096ad1a969e2ab4931bd24523aee0067f226b52d6fa1be5578645c756562372f3dc5714d0fcc73d09ab56fa6c6cc24272cbd091d2b7718db438e34af23b7f2c5d47b518103af3552e34edb8efef585677d716924804ce6361d371ab0dae3467f78491d724d4c79a2b43a1270d09de2b9867240381d0e29f25f4f2280f9639fe214b6baf4572b8272339f9aae030dc464aed6af2eb53e795e48d556f7796db959e48e6dadbceecf2b8ed56bca8cc7b97706f7aa42db6b939ab2c1a480ae76f1d49a7194a3a44e48c145dd14e5b531bee0d924d36ee43e488595896e411cd2c45d3ef1fce9c59bcc04f2739e6b49272f89152a964657d91d243f2b0efc8a9573d0fe35ad34fe6021c0a8c582c9f38fe759b5d4ce8cf9b432bcb52c4f239a64978f68df273ee6b57ec45b79ecb5467b3254b104e0f414ee76b5a58a170df6c903364645656a1a0ab1dcac771e48635b92db3704023eb514bf33053d45545d86aa494794e4e4d22eb7622432639e066992eeb742b730303dc1e08aea726d9890793d734ff245c6e90c60b3290dee29cacf567138de5a9c2f931b7ddf941a82fb459264df1fcdc67935d85d786ad6755da5e2607b1aab71a0cb6318d931947a95c7f534a4d3475c69e9b9c147a7dd4336e311183eb5b36fac4d6e36ba003be6b42432dbcbfbd4ea7ad4af15add463701bab96515237a51506635d5f595eb932c1bb3d7e622a89d3ed66c082404fa679ae82e3c33697d1165ba680a838da81c31f7e47f3ac76f0cdf58cc480b2a8e7746c3a7d0f3f8734a32945dae74d48c64b565a81ae34f8d0a05254607351ea3ac4d74a372e0e3e6e3ad4524d2c2c9bf7051c907bd2aead04eed1cb164672302ab96f3e66737b38db42b5bdd84625ba1a86faf3791b5830cf35b0f6d6376ca07c8bdce715526f0bc65b74370cfcfdc207f3ff00eb56939296e4ae68f5d0cb5bebb918adadb4939032c2242e47e5576cf5ebb2364c308a76918e87d2b6b4e8ff00b2ed88d840ce589ee69973ae465d8c91ef5dbb493d80a71d8c7d945ea8af2df472af51f8d671b8db70a723ad3ae67b0ba7ca1e7f118aa5326241b4e6a75d4d25b6a6b2ea11b30560df5a7c914737cc8e33e84d60bdc48b2608200f6ab3f34ca1b762ae9de2ee651bec6cacd711c7800b28f4a2df568776260cbcf271d2b216f2785804663ed5645e7c845c45b0b1ea6897c573a23494b566c2c715d3663917e6a4c1b19093c81d4d63c722e72af8c1f5a7afdb7ce691ae5a5848c08f030056b293d871bc3636e2d4a09d4ee53f2f5634ddcb21fddb83543ed505bdbb49724451af56da4e3f00334b0c504c77c176a7b819c1c7fba79fd2b07ab3396acb7710c73806442cc3a1a826b11e5651b93d47a54eb34d0ae07cd9fd69ab75b9489d769f502a5c1b0bb30e6d26e19ce133df83542512a646d24d75d16198f9722e41c9cd57bb87cc98bb8ebd49acfd9b0b1cb47e701ce314934ccb9c838f7ae8eeb45568d1a290ef6fbca57a7e39aa775a6dc2ed1245f2f66c839aca31b485cbcba9867f78454d1b2f4c9a7dc4663b864d9b59402454054e793cd76730b96eee24cdb64cf5a8964677e98a9b6e793da941e873ef49ebb8fd98aaa5464d5a5919a1da49a881dc3ae29ad3322633f8d4b8a66f18f23ba14295ce3bd41b7f79907153a49bd793cd45e51c924d64e921ced2dc7390abcb027bd47e67994ad1ee390327bd3a381979c1a72826accc39795dd0e3865e735240ab131209c1a89982f7a7c7f3f535518f2ab2368b69dd11dc46a58953907934c86319dc0d48c0f20e0d3e153b4e0569734e6bbb8e863cc9b89c0a919733038fad244c15be71deb5341d1e6f136ac9a6da001dc6f691c9da8a3a93eb9e98f7a8ea5464741e05f09cdae4c97970cd6fa72e1d1c2eef3886c15ea31d2bd2e4d634ad1e3305b5b49238c9f2d252403fed3313d6aa5e4c9a6430c16bb2310a058e31fc231d71ef5cec48d34a46d00939e2adc799dce7ad51a5ca8d3fed4bb96e374c54ab1c8555002fb67afe7560ccf71801724f6acdd4f5cd3fc3b620dec52cf72e09448fa28f53f8d70bae7c4ebeb84f2b4f84e9aa0e5a50fbdd87a74e289474b934af6b347a3cd25bd8c6d2dedcc76910192d21031f8573575f1234ab699d6dad67bd4ff9ecd945cf723bfe75e5375ac5cea3334b7acd3be786918b5491fda6e9848a54c3c8396e7f0ad28d926d9bf2eba9e8137c5d62ec21d276aeec2f98d92cbeb9e80d54b8f89975bb7c56b1aa9eb1c854e7f2ae29773c8549205235b8cf2dd2aa5cb2e8652a693d0e85fe216a676f9f6f69711e7e7daa51cfe39c7e9525af8fe7dc564b089e33f756390ab2fd49eb5ca4916e38078a7ad9c806e00fe75cdeca063ec9dceccf89b4fba24869212dd44ab8dbf8d5492eada463e4dc472a8eead5c9e1e1624e413c9a735c3a8c83cd5cb6b22e50936742b20f33ef039a86ef6290e09f53595f686b8500b14f520e2af3482e1724fd715c8e28a8c7958f92e1da3271f2d54650cd934f79bca8c9001fad4225321c9e29abc763565b5703927a7ad36770d83d6a93cfd73da986e891c735a5d94a4d688b4d8938cfe7491e55b3512487ae79a5698b3633cd6976723a7ef73124d97607352acc5546e6c0f52696d713481372ef3ce33cd75fa1e9f6fa64eb78c24fb66d2a80be5541ef8c75ebd6b3e5d6e69aec64e87e171aa4697ba8110e99938c93ba5ebd00e40e2b734854bf7bc7b63b2cad616995a4c8ca2b00073df1eb576e84d710bddde5c2ac6085f9f0a00f5cf4c7eb5cadf6af1ebf9b6b556114123233161b643d88c76e091f5adf9fa18d939ea6f6a9ab43e4f95693a5c4acdb7e4c903ffafed594ba4b25b1bdbdb811056550a177b12c703eefa9f6a26fb1e876f1f9f26fbd650c142ee0a71d7d87bf535837da8cfa94e3324922f4541f757e82b26d9deecdab8bad78896ee1f22d51c23302f2c830597d02fbfa9aa1a769eda8492317485631b99a438153fd9e2846e931b8745a823679b7a0c2ab7515292b98ca1ef5d137db0a031c6eaf83c956c8aaecb25d48aa472c71491c22dd892793532b6e7f97ad75268de2493d9bd9460bb0e6a110b4d821aa59230cd994863f5a609c636a2e2b472d0d1cec5b5716b104272c066aa49bef31c6067bd5db3b017237cf70b1213e99354750b96863db17ca41eb5c5257317aea5db59bfb381200663ea6a95fea925e33798a8beca0ff00526b352f2591b2ee73e99eb5622b77b87c85624fbf150972b2762b342d2306c77eb5b56fa4c92f952ca8446cb9563dc55ab5d2163b7f36739c9c05ed9a64daba46042c76a290a0015aadca94d4b72699520c04249a7dae9775a8be624caf56919b0aa3dead5ae96b2a89652df360a8f51ef5bb6302c118551819ab5ab33e7e57a11e970fd9544182cebf79bd79ada48443b4ab7ef0d525df24c154607735a11d9bca40cb1f7ad3975b90e5add12340f39c37e629e6c0c71ee38c54d1a3407e63cd4534d28385dcdbbdeaf98abb336e9d21cb67afbd73f7799e43cf7ae86f2cc799be43bc7520d61eb1716b627324a222df750924b7d05676e7dc5276466cb6fb392738acbd43525836ed6c907d7a566eb1ab4d7174eb04ec90f0a31f293ea7d6b3dd5f232d9cd2951f32a9be6dcb57d74750c93c1aaf6b194e87915623b51b371639f4a7ab08c10064d74a7a58ed52d2c25bdcbc32920727ad364632312dc1cd2346c727bd575277fce714d79135231a91b3268e47e4718a956628a791f5a83cd8f0482491ea2a85d5db1e15b02b48cacce7a74fd9ec5cbabe58e33f30c9ae7aeaf3cc6248c54b35d06cee3b8d66dd48d274e39ae5ad152773adcb99598f75327239a81d4c6d9c53e0671c134f75ded826b3b1c2e85a5cc9924770ad0853d4d2d9af912973c5453dbac6148739aab25e387eb9a69685462d4d48d29a5f399b9acf9a221c93c0a6bea022e40e4d56692497259cf35a46f13d272e6dc6314f33ef52b6a06db3b48f4aa929f2c9c366b2ef66766e0e3157525ceacce0a94f5e646a36a45f3f2e3deabcd3ab0c96c1acefb43b45b01c7bd3ac6133c9f31271deb8758bd09a729c58f7b57b8e0671eb535a69be5afcefdfa55c92378e2c2e47bd408b249dcf1d6b753528d99ad68ba91d4d0b7bc8ed9482dcd54b8bc92f25200f96a7b5d35ee891923deb4adb474b5ea093ea6b3bf2ec71d2a7c8ccfd3ec6466dc0735db787b4d4970f70338ec4d53b1b7ced1146d239e815724d76ba7e8f27908ee0a1600904608f63ef58ad5dcce5494a5cc41267688a2c941d056b68f6cdb486041eb56ad74f8e3607bfad5d6916139e01ee6ba549a33f62b9ae4821253079a8e32219327201a56d4020c8c11eb556e2f3ed031df356e5736d8b33cf1a72189cd5392eb39c74359b797ef1c44471ef943636b1c0eb53acdb9791b73d735cfcbef5d194a37d86362463938e6ab6a2afe5f00fb66a7684292e1f273d3349b5a6e0938f7ade7ef46cccedd0e5adece59ef8bc8bb433735d4a5a450a87dab8fe54e5b2014f2bd739c7351c8ee06370db59f4b169d95ae396e56494c47270b927b54296e2691ca38c2f5aacc0a138272ddea4814db45d4927924d69169ec255251d1ec588ecd9a5001ab5716fe5e06ecfae6b39e69546e6620566bea934978c0c9fbbc600f7ad63cd2d06ea58da921dac307eb53c2ea80e01dd59b0c8ee8792df8f4a23329938cfbd44d3d995ed1b4477f0c971296460ad9ea69963617166c5ddd486ea466af852cd961f9d2dc4864c203803ad67cacc658785477676fa6fc56b6f3a45bcb49235206d68db783f51815d069de26d33580cd04e637ff9e720d8c7e83d2be6f8f5699edc293b5b193cf4a4ba997507592450ceb8e7a1e3debdfd64ce84949799f52dbc6b71bdd4b10a7938ab10c8b2c60ed2becd5f3947e38d4e192131ea578b2c6bb43098f3f51dff001aeaacfe2cea31daaacf1c124dd0cce0ae79eeabc66b35dd8dc5c55cf5096673330180158f353c2a64dce0723ad70ba6fc46b7b8e6ebcbb705b2c46e7e3db8aeab4ef1158ea11efb2b98ee54f3843f37e23ad53b3d89b2dd1a7132b48411d3d692650b923a75e6a2593782d9039c119e454f24ed3801f9e31d6b9a49df4668a2887ecde60cb1c0ea2acd83c6cb22beecf623a5307a31c2d24722c7c06504f6cd3575b8968f41ac479a7248154eea272c4efdcbd71e957a78b73e54e69922158cb37e54391a349a33564208009fc0d5db79a559378670318f949a89d500cf46f7ab908678864e38ace49b3174d8f8357bb466df975cf048a963f122b49b6e227099c0750303ebcf4aa9f327563f850de5b2f425bbe6a62a2b7466a9abea7436fac5ab70c531ead56ade482f14c91ed2aa4ad70acdb599b042e7ad2473cd1399219597d406383f51dff1a2514f44cdbd9a7b1dac96bbb20364e73926ab379f01ff0064fbd655bebd3ab28237201d338ad193c496cd1618ed93fba79cd71ca36661ec5c5ec3dae9d70413cfa54ab72fbb91938c9cd416fa8c739e181ef53ec693e72c39e28d1a0e6e83997cc6e00aa7269cb34b9da339c939a9642eac0a138ef432cce3e41c77e6a2cc5cc8a72d9248791c8ef51c36c4161bc839e2adc92491e076ce79a7a496edf3337ce47eb4acc84f5331e3922918b2ef19e0e6ab4ac1998b6547bd6cf90277cbc82318fcea8dd69ced11650093ef58ea99d4aa1953488c30f1acaa0f434c7b1b4ba5cf96d163ae302ac2e98e492e36e3d6a4589e2c9237d691445db662cda0aee5fb34ec1072c186e2c7ebc63f2a827b6bbb419cee51d6b7cb851923653374aec4c5827dcd3941b46ea7cbb9c9dfa848f33c4573cf22a3b0b0b4bb46de31c7ca471cd759328b88c25d4492b0ea4a83cfad67cda2dbb230463113c8c76acd4b95d98369ec73b7da04b8cc0c0b7a16c0acd16f7f69202415653d8e6ba7fecabcb7de5184a8dd39e6a9a9954959e32a73fc439ad95a5b109bd8cffedc99be590295ee314c905a5d925fe4dddb279ad092dadee0f2986f5a64fa2c1711308e5292e32a7a807dea7e166ba58ca3a0c522b34726cc1f5cd313499d4ee0c1f14b3e977d667064597233fbbc9fc3902a38f52bfb3da8c484193b5d463f1eff00ad17395c9df42fa431344124501b186a923d16df6e7ed1b7db2298dabdbce99922c31ebb6a1f2c5d3116d380719c1aa4ee459a7741a869f1daaef594939e86a38668ee805620e3ae6ab5f585d46c43113719678f2547e82a9c704913f43ee691d519773a56d36ca75c89593d9580fe74d8f4992d51e559c3a019c1181f9e79ac832945ce4e7d2a93c0971364a00c4e49dbcd57cc248d6bcbd320f2df6907d2922b7071b58ad491d9db59c0b2492992461bb18e9edffeba746c6e559b66c451f7bd6b16ecf42a365a8e8eee5b31b43f9887d79a906b272a0c21c13ce4e303f5aa73b470dbcadbc038c8c9ea6aa5bde868fe73cd57330693d4d98e28a698caafb5b3903d2a62ceaff7b7e2b2a2885d6424a6363d0d598ed2e6cd1764fe676248e4fe79ab52649a23528fa488091d7b546f279a721c953d066aa35dcad3159e0531e3ef9eb9f4a903c4dc46fb7349b570449342b2291226723827b5503a389958860a474e3ad5a669a204063267b934d82f0a7fac463ea6a5d98d68cc9b8d2648fb6e1ed559615dc460e41e735d4a48973cc6fca9e41a2e23121dcea1c8e0934cb53472f329c74c5470c89e5912a679c8ae85f4eb69c312e636ed8e79aa571a449180d8565f63cd3d0ae64ccb5917240181da90b75e6a7b8b364058822aa8383cf1f5a5a0891599704ff3a984df2134d81b70248cfd690c837106a5ee3b6847b43b649ef4f31edfba73f5a72ed6e49e6a391be6eb4d11cc930c8c92c6a44741ca9fcea1565cf2093eb485806c6303d6ad20e645cf304cc070315d9f806e20d2afee6fa56d9fbaf2948ce4f393d2b8a8e3fe2ef5b1a7df6d52b8ef9a39752b9acae759f6b0d752dcbb3196662ccdd4fd2ac6a9e22b4f0ee9f35c3c9beef6ed823552c0b9e0738c77cfe158da7dcfdae648c0193d6b8cd775b6d62e4c8f911a311127f7474a7d743251e6771352d427bf95ae6e6669662bb49278c649e9d3bd63b3b33734934970ec0ab1da0f23d6a58d198727268948e9e5ea0100c120714e9efd82e138f5f7aa97170771073c557f39bcce738358adc196a495c8272413ef51a5d499c36ec7a9a9618cc8d9cfeb4b7da95a69f0a2dc48c0b1215514b163dead310f5b8dab93daa6b6d49f7004e01a34bbed3aee165fb3caf21e77c836803d3ef54ad0c31b7caa31f5a993d6c17b12bbf9ca72dbb9cf3546555c921b38a9279444b90401ef5132284ddc9ddcd48dd4d4746a18e49e01e7156d591570a4fe354a253bb3cfe356e0d8d9cf51536bb00620af27351371d2a7664e4f3c5579a53c118c77a6a2c896c44ea1b8cf269af0087077e7348f290a588c1a8ccc65504b0033c55f2d882d2b07ec49ad2d374bb8d5db10a2aa83869646c2afbfbd66d8cde531de5421e4935df69ecb2dadbac4005d8aa368ebc75aa0e626d1b4bb3d2ed7c98912eae77167b995177824630a719038fe74b75790e9edbdd7cc9baaa827f5f6a86ff5e7b187cab6b784cdfc5332e48fc3b9fad518608a1b49351d66f1638e4c3aec277316f9b6e08eb8ec3349caec8ba4f5d8a8f6daa78a2f5c9729028dc558b792833d00ee7ad3f50d534fd02dcda5a468f7e1981758f215b1d5dbbf3d8553d4bc5112db35a69cf2aa332b1b827667d80ef9cf7aca76332ef7c0e726b37077b972e563313dfcad2dc4c5e56e5e561cb1a9e1be4d346d09e696fe207155cce9b4a86c5363db91d481dcd3d4b8d9b2699c5c36e27af273519664e57bd13346c84024b66a48610d103923eb492359588da196e30f86c0ef52c29b4f20fbe6a75baf2a3d8a7353d9a869035c0c27535a5da2342ab2197a0cfa9a679696cc1880d57af2fa06de6dbe44c74231fa561a6fb96cb13f9d1cc52f79962eefd838da783502c6f70c589e294e9eef3a800b0cf35b31d81d3244794a9da7254f20d49a7294a2d355941da07b9157fcd86dd142212e063200c532e2fd26976a1c13fc2bc93f856a691a4a34fbee77636e5107196cf7f6c56b18df73292b942df4fbebe903f96d1467fe5a4b951f8773f856e697a64563a82cb0863260af98c3919183f4ad65b724658e001c669638d9a4c280074cd66e36673b8b1f3e9f1dbb8114e2e77725b6edc1f4a922b5dadf37ad5db5d3d10291b891cf26b5ade44b305b0a4b2e0e45249a33bf2ee50b7d3bcc4662e1768ce08eb4f5bcfb2a91d477c532eb5232b1545c6e38f4a9a284c6ca58649ad1aba0f69cda89f676b890307215b93ed56bec6b02b6d63222ff001918fcea8ea1e28d36cd762bb5d4c474b7c10a7b649205723a8eab7dab3049ee985a2924428bb14ffbddcfe34462ec6d4df332c6bbe2482391960469594905b8d99ec47ad79f6a7e75dcc659a5799cff0013b138f61e83dab7af55437ca72a3b565dd4a08c03d39ad229a3a395191f672cd9ce29e20391fcea566df21e7ad38e071ce6aeee4eccea8d38a5b04d9c021714c52cbf36323d68b89976e4b74f5355a7d515612b8e4d6ca2919d92d896e2e0aa120d654da88e8dd6aacd7d264f39155277ca9247348c5bd4d192e02c7927af3d6a834858939e2a05cb28dcc69cce8899e7358c9bb9ae844f700b1e4123d691e43b373018aacc9e649953dea49376df9a93ba1e85985d244071834c9a409939e6a9c97040c038f7a8a4ba0ca016e6b3bb1e84f25d190e0e38aab33f39aad2cbb49c1fc6a9b4f23be09e334889257d0b72bef3c915565b865e4134c963790e79e6b474fd05ee132ce306b58ea3e595ae50859e739eb9ef5349a6a7fac6ae9a3d322b1831b158fbd655c24b2cc5163214d290acd9cbdf21127c80fb568e870cfe60df19e4f5c574763a0799832283cf35bf67a7c36b82c0605734a573351e57732174b92e140600035a767e12b255577f359f39652e021fc867f5ad23750e30833f854f67ba56e4e4525622526665d59a409fb88c2e381b454fa7e8ed70a1ae19893d056f25906e3156e0b4f2791cd0e3cc4a7a156c7444b391254c061eb5bb19768f0c703b9cd544b82ea5597f1a9e32c91648383dcd4f2b4ce6e677b31ed7490e5cb702b266d51afae3cb889504f53575c895b690083d6a2fecf11cc5a350a3d6bad6da8a4df41d244f1aa8f3030c738ed52a9d8a08e4fbd356d7e62779cd0582210c7009ef596a73d9b7763f6acc7732e69d3431b0e3a8aaaa496e0920f6a9a585a350c4d3358fa8cfb1c6c77191b3e82a395fece480777a53e29baee61513c66424e698343ed246690ef036e3d6a49d623c81835565dd6bce726961bc59231bd32deb5324f721b5b314c3e674e3eb4d78cc5cb3a9039c66a4f303671c540b18924c3124528cacc9295f5f641408c7dc5673e9e76091830626ba599625206063dea1936c9f28c102baa3271d8704a4f52b59c5e5443613ee2aca4a10648c55c8edd63841039ea4d54b88f736722b3956e6763abd9dba0dfb63370abdfbf7a8e4dcc99c85627f3a708a48f9c554b8bc766c15c7b9a2fa9128496c70b248db47726a585f1c93d7ae6a25de0f0a5a96e98ac6adb486ee2bde9351d8ce17dc97702fb875a9dae0b8009aad0dd472c243a32b0e86a0330ddd6b17235b9a8970eac02f23dcd3df539a16ca168e4ce77a1dac3f1aa10dc0ddd4e4f7a2e982aee66cd4f3360a296a76561e3ad46dd039d46e88c0052490ba9f7c366ba5d27e2d4b0b27dad21923e03c8aac1ff0038af295baf32dc00fc0ed4905c32c993c8f7ae49465cda322566f467bd587c51d37526960952e2d665f9919d72920f404743edfad6eda6ad657b247e55ec123311b7120049f4c1e735f3b7f68346dc3950def5652ed9d51370318392beb5aabc773754f5bdcfa496f5564da4d58c432f47cb7a135e0b63e3fd53494448258e58a35dab1ce81801e80f5fe75d2691f14ae651996d2d5a4c750ce0569a4b62b94f4f650588c679a493705203115ca69df1174fbbcb5c06b2dbc317f9973ec475fcaba5b2d52c7528d5e2ba8640c780241b89f4c75cfb51cad1ac649ab0f4566c072793d6a02648e6c6720f3d6af3152c7a803ae7b5412c4b23e51f3eb9acd8e5aad08ee14cb6f93c1ce6aba5b9298ce33df35793382a4e41eb55ee94291838a864c6e9598c04a2e33c9ef492459c12724d24864e09538f5a72ee2bb883b697236536529e3dac4e72c3919a9ed7c41a847cef3301d43ae7ffaf4e982c9c63f1a7c281060004f7a396db9c93826ef634b4ff1399531736ea1f3cb46c7f91e9f9d6926b76f31c676fa8ae56683cb93796c0ce69048bbb83d6b09527d1931a499d6c93c132f1273ef4c7b55c64139fad729f689909c3b633d6ac47ad5cc29867dc3d4d4724bb952a0f74741e5c81493d07ad451dd3862c70a01c0cd5787c48b2441678c818fbca73fa53e3d42dae0e43a819fe2e2894199aba2db5f46c099071ebeb4d574560571cf22945ac174a4f984f71b5aa1b7d3448c7e7391ea6a397526eae36ead45cbee39cfb5476fa7ab315cb2e7a11536d915be5e5475e2a3fb735bba9605727d2ada7614a76ea4579a7bc6a5558e7fbd54dade48c01c371d4f5ade9a449b6956c9c64e6ab345b9cf3d7bd6164f53452bab994b6eaaa4b1dacc7bd44d6a01248573ef57aeec640c4ef523ad40da792a18b9cf7c76a9d02e998f71a7a493f036127b5432787ee158bc2c1fbf2715af359ba90dbd481d69a58c64125b14026ce7da0d4a2936c96ecc54f44c37ea33514f748c19278ca82795715d44971c020673556e6c21bc53e744b28239193fd306a7734df7393974c82e06530a3daa8be9735ab334449fa1eb5d0df68f18471065303e550c4ff339aa71c1750c60321fa3735bc603e531d6fef6c10a94da8fde45c8ebeb56175c8db6c725aa49b87ccd9c60fd307f9d6bc1a924f1323c2b83c30650467e86a94d636d24d962aa7b638a996a68a3a59952e34f82f5b304a2227b75fd2a0feca7b4915f779801cd5c93489d7718dd71d8e6aa6fb9b39087c91d7d6b3d53172a5d475dee99866365fa8a925bd974db37f2955b72956dc0f008c1c7bd3935412e7cc18dbed515d8fb64636300a7d6ae2eef521c75d0a7a6a457caff006a1b947dd1b8ae7f2e6a09638a19c807e4c9c0cf414b3595c42b8dca41ebb4d3fec51ca01919b8f7a6f71a3774bb8d1a1d30451a4773a905dd2336edcac7b83d3001e83d2b36f99da60e970d105e4ed722996ba50666649180ec09a75ce82922f9a519e551f29dc686ce6f7b9ec363d60edd922972382d91cd3b75acd82d30879e4b30503f1a81acfecaa1a5b675eff302334e6d5b4d908497475923cfcc45c36ec7fbbd3f5acf97aa35b3b97bfb3e7b63be260cbdb9e4d30eacf0958a5b60ca09dcc0e0ff00f5ff004a91aead828104aec80617208e3f1aab717bb173f7b3d69c6f7d4d6c3a4d4ad1a4042ba1ea49518fd0d5959de75df1cbb94f1906a82b594cc4c80a827a9073fa54cb18863ff479805ea01f5adb4b9cfecda773412eb63a8922253b9c54ad3c464cab03ce706b1c6a57aa7171b5e31d30a01fcc5598ae21b90720a1f5cd29ea6f18752e5c6264208dca4e6a84d636b346db632b2f1f396383f853cc5e53078242c49e413915652470a7cd880cf7ac946c395fa1971e97752332a46ceabd760cd549ed1e327e46dc3a8c735d2433ab29f2d829efc54724a49ca8f9c1fbc3ad3dd8d499cb1976e720e7d6985b7f2735b32e8e9265cbb47bb2791c66a03a5488f805651ea99fea2b5b58c6576ca193b4e060d11e7b8e9ce6a7976c7f78f27a669124565c1a9e60574345c638038a9e2ba111ce7eb55a400b7079a67ca72093ba8b9b5ee8e974aba332bba36c6195ebea2b8c9b731218142a4a91f438ad6b390c4e4e7a8c555d4612d21707ef1c9a6a56348c6da94c5e08c6d209cf7a05c3f9c91c5179ad230551bb033ee7b53442a4e5a9bb76c9904819cd12b1a31b711949db8dac0e08a4ea793526d0d29258f3ea69ff00642ca4fccd93c1a84d364cbc810aaf3bb9efcd39744b3d55bfd2e595154e544440cfe34d8ac64924080e18ff007ba568dbe8f732612301e43d06ec66a9e9b129b4eeca674db6d35c0b567d8c32c1df760d1e66e392d5a70f83afcc865f3ed10b72cace4b7e78c5585f0ec2d86966718eaa981bbf1ed50b51fc4cc38ad9afe75881e1b249f41eb5766b75b7da8bf3638c9ad76d2c47b9ed91608954b3316663fae6b2aeef6371b5012ddd89eb458af67d5942e24666255b1ec29f6b9de371fbc7b9eb51c71dc5c4988ad669b9e4a21207d4f4ae8eca05b1b396378a3967946df308cf9631fc3efef4e31bb14a4a3b94e58a3f21988f9bb135913924e074ad7d536f9053231d0e0d7346f5edc904ee19ea68b1127cc58e704119fad47e5ee3c0ef4a970d3608e2a75215b24f3d69362e5248ed56542ae4e1860f35d3b6ad34f0c715a8fb3aaa85dca7e62076f6ae592f5564c12735b90de456ad8596399875dad9a177666cbf1ddda595b16bb59e4b8663b4a7200c77fc735ceeb17975ad5e155676854009131180077e7a1a91e096fa592433b46189278cfe02892536c8550d696ea44ad624d3fc8b15df222995976e4e094f5c7f2aa6647998ef23193d2a091cc8dcf5f5a7c3271838fad65293b890b342abf30ea2ac41673cd0798a8c23ce0b638cd432825810722ad8d44c1088cbe14f6c53e635891430797310c723d69f2334f37951e153a034c4533302582a9e77134c92e911d9636c9538ddeb50a6af637d2c5f8ac96d9f2f2066233822a9de5f333b1ede82a9cb7259b86c3773562d6d5ee981ddc13cd5ea1745656797a0209ea2b574ed2646c48e0aa7519ef5661d2eced48964792471d89c28fc07f5356f7b5f911404ae474ce2a05744523456e4045c9ee69d0696fa96e944aa91eef998f7fa7ad5ed37496b772d7015dbb0ceec73d6b74b89500909217819ad2296e2e7641a75bc5a7c3b6d91625fe265fbcc7d49ad2b79bcb8982924375f7a64360d22fca30a6b4adb4f48d413cf3ce6b442f6962ac31bc8e0b29ad05b2017790171523c8910ca0dc7d3b9a68792e47dd78f9e8ea41fca9e9b92e7cc45f6af224db82777191567ecb2cabb8bf07a0cd3a3b7587e69481deab6a5e24b6b3cc71a35c4f8e00e107d4ff4143b3327abb1661bc8ac1775c111440105bd7fc6b02f7c609aa42cb656f25b46c72b2ca40765f4c76acfbbbe96f1f7cad963c607403d05569b0c0138aa5148d2345a7764652057e0056272d8f5a1a30b9e78a866501c1c9a5799fcbe0135aa3a79519d7bf788159cd0abb1c1ad59546097158b7d791da824b628b09cb97564525bed7dc38aa77d74b6ea49c16c6719aab75ae1752a3f3ae7eea696691b2c704fad2e477348d54e37341b5832b61931f8e6abdc5d6f1ce05558626ea1b3f5a8ee14eec1356f433e7b8925de0e08a4794b630334d6881193cd3164311c66b3247798c8dc8a86e662790714ad2967e4f1552e9b76706a197cc10cede6633839eb56e691163e5b26b17277641ef48d29932bbfa7bd574357e45896f63762bbb06b3ee2f955b6f3f5a61b56924c824927ad6843a43b10ceb95f53597992fc8a3f682ca7682cc6aed8d9bc803321e6b416da2b6c12ab44dad450ae154961d853b68356ea4f1dac10afce547ae69b36a91c2a5603cad60cd772de4bf316519ab56b66d34caa33827934e269cef635b4bbabbd49dc30caaf19adeb780db825941fad49a3e9f05a425117193b8b1ea4d5d9ad42e4efce6b19b6e460e466a5c4ad21fdded5cf5abf15bf9e00f5a7431963b70315af6d6e81461064f7acb975d49e64615d5a985b2a091eb56b4594998a3820f635b57166163dc141f5a82d51564ced19f5ad2293d8cf9d3dcd386365c16e455a8d8b1ec0544abb93ef74ed49e7e38ee2aadca1cc99636a2f2d8cd3a49c6dda7a76aabb89e68c977c138cfad2d6e7355d354452b1de0a75ea735379c580dc7935246a23625973ef4d68d646f9703de8e632849dbde27da303278ef546ee159e6e1b0831dfbd59903a8eb9150ab2b643123de9f376094909e4f96bb8374f7acdbcd53cb9913731dc70727a559fb432b321e573d6a19f498ee3f78c4f3cf06a5de4c98b521e08940c1e6af456d2c91606403deb3adad4dbc9d4951eb5a135d04540afb00eb55a44d39ac417b6b29180776deb52ac7e4daa96505bb9a586e8bb1ca923fbdeb524926ec8c0c7bd3e6ba3092527765258f2e5b3c1a6cd1b37206013d6acaa900907348bfbccab1a8bdb52e9d8aeca19543139c75a58644b724b1183d7353496a5dbe5cd54bc610c182833dcd6dcdcda1b4a2e2b98d05be8e68f683486df7aee1db9e6b2b4d52c4900f1cf35ad1c92275ce3b54386b7142b74642d2ac527cc0e4d57bf45dc1997af7ab0d2813798c326924ba5b80c18657a8e2a1ab33675ac8e5ae3437b494288d949f5ef54efac24ce4a9e2bdbe796ce68c40e9f2b9ee0633f95536f08d85d07deaa55ba7cc411f435ecf249ead9946a42f63c3dadf239183517f65966dcc7df15ebbab7c2b59503da5e88dc73e5dc296427fde1c8fcab9fbef00ded9c8ab234726ee8f131653f9806a572df7d4e8538f43cfa689a32ac061475a6dc491c8879c9fad753a8f86ee2163e6aed1d33d8d634ba29801257ea6894adb0bd9b99cf9263e9d0fad5b8564639149716eecd90a5867d2ac41218f008c7ae6a799db539bd8da44522bcad9c74f5ab56c1d48c9c8a7c4434b938c55811a93c714b9ae7428b1f29caf18e7deaafda8dbc83e6c7ae2a69533dce3dea94b165f83934969a8b52eb6ace48d8cc31d6b4adf5a95a44763b997a36791f435ce191e352366eabb6b380031007ad69193082e53d0349f1c6a56043bdccb7a9927cbb995981cfbf515b9a7fc4e58d57ed96cb8fe2303e5bf235e62b79e621c1e2abc723194927233594aa157727647bb43f10f42ba55dba808d9803b668dd1be9c8fe55af6f796fa85bf9f13acc9fde06be7b8ee76f5cfe753dbeacf6d75e7c2ed04db76996362ac47a6476a519a6f51cb9923dfc5d6463038ab5f68f3a0542385e95e43a77c42d4634c19209813c99a2e7f3522b6edfe2418957cdb749573f3792fb081f8e73fa56d29ad888f33d51df3dc46bc0e4d356e029271d6b9bb2f16695a892cb7b1a123389b319ed91f36077ad6b3d4adee1808a58e604120c6e1bf9561a9a7337a34589bf7e33d2a2f2c464107e6a6dc5cfcdc0c7e348a4b724668b32a362c09449b448147ae075a82e146d202f19e29eb20c9c81448a650483803ad4cae8df49102c86324139078a63796d919c03d695d0ae40391eb4c6b563c8614465dcc654cb36fa8987f768cd9f5ab10f8826b690090171df1d4d66a42636e7ad210392d9fad12b5f438e547aa3a05f135bee08c5a307a92b9fe55663be82e8615c316e99e335c7f9658924d3da4917690c54f5041a1ab98fd5afadcecd5768cf4a5dbdc106b97b7d46e5586f99a451fde39cd687f6f7960065523bd73ca9b5b1d71c3b68d09272992e33cf6a58efe373b58633ed5417c456b361586189eb57566859321d09eb8cf358d9a7a984a0a2ecd8322c9c8e94d7b546424e053b97e8d814c653d724d5dc7128b58bbb10bcfbd4125a4f0b712819ed5aab3f1e87de9a66562036d27d71495ba9a3972990606eae013eb4df2d7cc049c9539c56ecd026d0ca73ea2a85c42aca70b827b8ad5492d502a972a5d48d708377cffef1cd64cda342c59d0b2b31cf5cff003ad86b331c5fc44e78cd462265e4907d6b26f99dca8d45730e6d16785331cc5cf5c376aa574ed66b99e2600ff16d3b7f3ae9e4718ca9a8bed05a32ae164c9190c320ff008d0ca9454b53998e1b4be601c328cf638a8b50d0a38943dacf2020f28e4107f10056fcd63048c584096e4ffcf25da0fe038ace9f4d3131647639ec68eba193ba39cb986784090923690c4e6a7b7d4a095b0e9b98f718c7f3abd3cb716f3a16894c1fc4cc3fcf7f5a7dd490de27cd6f1a49d9954023f2ad9ad0a5a94e50198189d90f5eb53c2d731a32ef2d8e7716c9aa33c2e0fc8e09f4cd47b6ed01604f150d2ea3d112cb7d76c8dba4deea7e52c00c7e9556cf45b8be6277c4a7a9dcdfcbd6886f04921122e79e6aedc436b35a9f9d83f0554b0dbd79c8a49d8a48b16da5c30c3ba7b90a47566c2a0fd6b2ef6f2dd24608eb2853c329c8356d63678f6ef0c0f1d69bf678d397854e3a92b9cd4df5d4d3975295aea912ee578837a367ff00ad4f6b8490ee00af3919a9ee1ad9970218d3fdc40bfc8566bc0dbf72b719e99a1abea27a33420be2872dc8f7356adefa2b86292c2501ff00968af9cfe18feb598f67388c3146e79048a75af99c831b061cf22aee172f32f9726e8e56423a1dd491df4c1c9918be7a9639cd5294bb3e0e41cf7a9e186e1581206dff006aa1d89b931d4a02e50bed718dc31d3356ed9df7a88dc377ce73c5579aea150ab25bc7211d490323f1ebfad67cb206606276420e701b144425e47453de618473a9688b0660bd4fd2a2fb569935d1892792cf1cb7da00c73e8471ebdea8413ccc373ee7fd6a49e78a7501c6d20d434ee42469491c3f6792da58e3b9889cfcdcfe208ff1acabbd3ad9181851a307ae58b0cfe34d0a224fdd30007200a92df54ba8db6f910c911e1d9d0b301edce3f4a869872df52a49a3ccca648d5593b1de327f0aa1e5f9727ce0a9f461835d22dd452280bf29f4c528b7330c3ed607b1e69c6e691b7539d926d83e505a992b330f981cd6e5d58a458038279cd51b8b37ebc15aa35d0cd68be407bf7a71b5499338c1f51565be5e48e3bd2173bb938f6a995c4c863d3370dc4922a58ede48f953c7bd4cb77b4608e055ab795663f29563e99e69c49d48ada691d640101dbcd56fb4b893e652077cd74767a7bb46652b904e3af3435adbb1669632e338eb8adae84d5d6a621f147d94b46d66b3ab701c4b861ef8c6297fb696e1331a9539c1dc3069cd6b6df6d64f2976671b5bd0fad5f8a0d3926550d631b83cfcc995feb5cadeba10a2d6c73f756bab6aee8218aea787395db9119fc7a1ab50f84af2368e4bc78e08cb6d658d83c80ff2adfb8d42cad54470ea11ca31b8ac40900fe19aa9278a2d63502349a57073975d807bfbd691a9d0d39a57224b15d3d64dacde5b1dc59f8cfbd55babc2aa76363dea1d5fc453ea52b3bbe72300600da3d2b2e6bc62304135a5d6e64f577655d52ec493eecee7c60d505f3246e41c13deaecf1ab6081f36739a7dbc60b65aa39aecd1ef744314262604e78abfe5ac9f3670695a146e72334d58c93b49e2a9969a22787ce90051cd6ad8e930464cd753c8368e16350413efd6a56b7b0b7b78dc6ffb51fbc4b12b514971b8641e296c8ca6f5d0af753c83e5462abe951a90ca4b37cd4f91b71e99a6ac61e4e485f5a1488493641392df7071dcd306550127835a2a45b8380ae474c8aae96371361fc92226e431231fe357ea69ca8b1676a9247b998b31e98a6dc5bede597a54fe77d863c2807dea85d5e1b85dc494c9a4f5d8d1a49683e495163da1b24f6a823843924834fb4b477e80b93dcd695bdb8854b4aa4480f4acdc7a99737423b1f0d3cbb2e27263b69012ac082cdf876abeb1a5a2b471b020f7a7acb3df010c48f26064851c28f527b56a693e188ad54b5c6dba91ba2863b147a630327de9a57254b5b19d6ba535e47b99c226ec7a9fcab6f4eb55b584471e4aa9e59bab1f7abb1c0b6ecaca141521b18e0568c686f1b2c727b9a6f6225177b95e151b4051927a9cd4b169cd249904673f956959d8fd9db7c8a303b1ef571a648632630b9ea69f32dc3523b5b558173348aa3b9ec2abcda819a611c680291f7c9e7f2a99525b85c3294cf5cd3dad174d513ce4a47b4b6e23a81e9494eeecc9d58b6f6259b7672d4ebcd6adb4f0f0c92ab5da0cf92bc9fc4f6fc6b12fbc5d23a14b0592d78e67931bff00e0239c7d6b022e5999e46776396776c963ea4fad7428a91d3082b5cbfa9789af6e6f33e694b7e07d9f00aa803b1ebd79fc6b3a6bc679096039e7351cbf23e49a84ca2439f4f5a6e09327d96b72e093ce6f947bd2a7decbe180ed5495dd9be56db53b4924319762085196627a51a9d4ae85957cc71c600a65ccd6f676e66b99d204e80b9fbc7dbb9ac4d5bc5e2d23220b55b86ebbd988c7b62b85bbd564baba79d90248c493824815ac22fa95b9d7eade2085a322de62dc641db8cfe7dab8cb8d4a6b863e63973eb51c97064e49e7b9aafb81e4b537a333a914c9010cd9248aaf71959320920d3a4724e07e750bce4e41eb51cdaee656d2c588db099ce2a8cceed2125b22a096e9c1c669925c155cb641a994ae2e52d34f85c13cd5469be62726a3321619aaf7133ab00067be6b0ea38c752ccb75b07cdf9d57f3cb1e581cd473b3dc420118a759e933cce1b3803d6acd796e364439c0ef4e834a7770d9e09e6adcf00b66e482ff005a586e9f38c75a2e0e2e3a96e0d3d60e4e0d4579a8797944e48ab696973711ee1f283dc9a963d1618d77c877499e49359eb7d46aa72a316da19afcef725541c1cd598f456698797f313d49ad392d5d5b10a123bf15b9a258b47fbc74ce477156e5d8e7f68d3d4a96ba0411c0bbd0173f78d5bb3d02356cc69827d6b660b5124dc83b6ad5d01691e41e2b0bea1cd733e3b74b78f68da643c669b35bb2b0c9ce6abe9f1b5e5d49973d7766b6e3b12ce097cd59cf52a3bd8a96fa7f98720fd6b4e3b62a38a74369289485f98d3925669368eb9a4f52d6da8d914ede4f06a2f29501c75ad0da13e661f779e6abdc30918b8ea7ad547dd25d86d8a93236e3d47153496a4648c1cf355fcc28a580e6a4b592691f1264679e6aa4aeee649b52d077982104938f6a822b93e702086e7f2ab5756af22920640e49aa905a32b6e078ee2945772e52ee6bdc5d2c7182a796aaad206ee371ed51cc8245e49e2a38f0bf331fbbd2a5a473f332c424b1218fe04d39ada2249276e7d0d421de41b81ea7bd2b2c8cb973c5162946ec8e48541c2804d248922607cbb7bd4f1c3c8620834f30063d79f7a9b6a6ca09157c967527a77e2a099771c3023d6b62229121dc7f3a824844cc58639aa96c1ca8cb59363ec5ce3d4d41a84cd1c4c43f3db35a72dba9c1202b0efeb599a969ff006b60a01600e6942c4ca3a1434ab8beb899f0408c7bf5adcb55264cb8e41f5a834bd3cd94273f7b393935762b57fbe3d6ba7dd7d0e58bb4b5266992120ff3aaf3c8ae32c179f5a9dd55b97ed59fa8465994a74a9692d8eba9539958b0b08550c19707ae0d48ccb228d8e73e845578c158f8ce71ce696d564925c3282077cf5aae8706bcdb0925b4f2499502427ad37688572e0eecf22aea48d1dc9dca57d39a8e680cec7040efcd64b95bd4e8bb3bf974c8a4f95182f3907bd675e699332b057f9541c827ad78ddafed052ea4d1c76b6622cb005a72327e9e9f5aeaed7e2126a802c93c76f230e62f37bfb57a9ed1c62f98c6afbbf12d4ec7ed57f1c6a8242557ae706af5bdd24d833a9040e48ae7746f1244af247746368f6e5640c4b06ec0f38ae96df56b4b80d98e242bc7de04d72a92bdcce9d4688d92daea5d870573c6475a9ef3c29677d0ee858473f50768da7f018a6b2c12cc8d1ba919e76355f91dd62fddb907b1ad79d33d08d692f84e4f50f87133219deeada563f790ab06fcf0735cb6a5e059a13fba895d8f255bd2bd1245d4a26dcae6451cfcc6924d74c654cf07ef18fcdb781594b9ba1d74efbc8f27b8f056a16f197367247cf19538fceb1e6d0f51b390b4f6ef173d1bd3d78af76fb7595e2ee65556f7f5aaff0063b1be98c6be54ad8e558678a51bbd053a9caf6d0f0a9a3931c8c5558e1f30920e315ed57ff0ef4c9ee9a45b66456e7624c7683ea3fc2b9abff86f776ed2111af52519183023b646720d6ce1ca5fbb357479d98dbb1cd539e29a47f91b6815d8c9e15bb8ddd5a361229c1ca903359efa2cb13b2cb19471d477146a8a8d3b9cf432cb12ed6ebdeaf5bb1dbb8834eb9d34c6e03065cf4241a92052b19c8fbbd6b2b5f50e4e4635642edd0e3d69667552083508ba2acc063069a5cb74196cd268a7a976191bd719a95a6f2c13bbf5aa28cec79e314f62adcb1343bb08452dcb70ea1274cd6a69baccf660b452342e7f8e33b5bf31582b8539cd4f2931a8c381919ad6374696475567e34be878b99fed4b9396933bff00efa07fa1aebf4bf8836d3471ab5bb47b78662c1b3ee3ff00af5e4aacfd1981a97edc60c024f5c546b722d08bbb3db63d6b4fbcba68e0bfb69883cec94715a1bd42e1640e0f707835e04da87cff003104fbf35ad63e26beb588430de4b1439cec04607d320e3f0a76e6665ed55ec8f688d95461ba9a4fe2eb915e6abf112e2d6254648ee3d59f21ff0031c7e95bd63e3ab2b8815e790c049c36518e3f206ab91bd0d9bbad0eb09c4d9c7151dc9ddf778f5acfb3d5acef9d560bd82677e422ca0bb7fc07afe9579b1130f3722b0b5999b1916d2d8600e2878c96c01526d1bbe5e9eb4921dbcd6ba094584718e49e6a075f31c8e48fad595b9daa7032d50ee3bb20007bd5c4d149a2b793f31ed4ec4909ca49b4f5a9b807713513e3cccd67285c895a4eec96dfc437b6ff002911ca33cf98a4e07b608ad3b5f1444c0f9f1793275f93e653fd6b05ed83bee1938a431ab28201ce79ac9c4cd51527a1d341a845a94f856e002c463153fd88124ee000ef5cac7984e558a9a9bfb76ea05da1f70e9f38cfff005ea791b32a94671763a7481b713bf3f4355e759a390304c1cfa566d9f88368fdea9dc7a15abb1ebd6b349f3bb27a19075fcbfad2715d051a52ea39ee9dc859073dcd3e378ffb80b77269cd24775f3e0019eb51c89e5aee5c1acb95a64b4911cd6aacbc2ae6aa9b22b9e307ae6af3c1343b252caf919c0cf1f5a6fda4cadf3633ec2ab959717633998e704671daa9cd197f99be5e7a66b666b4427391b8f7aa9751065033ce79359ca2d6a86ec52b4611c8df75b70dbf30cd25c5ac12921e353b8632073f9d4f25aed20839a6aa949077c52f78831a7d022520c2648dbfda6dc0ff005fd6abcb67731260a99541e4a8ce2ba59d8bf5155b700082715a277dc6735ba193f75246a3e620bb0195351de68d0ed1e45e93c6583a7dd3e9c115d279314d23178d242dd4b2827f5a8ee743b56525259217277707703f81ff001ace499d34dc7a9c6b59cb6ed90dbb07a8a7c775329f9b3ef9adb934f9226c210e3df8aceba675663244ca8bf79b69c0fa9e950949b2a5cab66537ba8bcc1e6275ef4e8ed639a4c8976e4e793523d9457203038cfbd0747765ceee2b4f233b365d99e58542ba86000ed445af2ecd92445957a02d8fe9595209accfde70a7a6e0707e94cfb49e0c982bf4ad394ce4bb90df5cbddde4ce400acdf28ce70315712e6ea584061bd80c06e9c0a8f3049829f2f3c935a50da9f2a478a44915065be619fca8dc84ec654965a8ab665b494861b83aaee047d466ab881c49f3e4735b2753b88b051c8dbf77daa84b733dc4a5df04939e477a8d51a2f3264692dd70aec54f6cf14c69e5cfcf03b29fe20a703f1a2232b498753b7156ff00b71f4d6f91c44dee7ad1b93a95194b0cab63de88a4b885783bd7bd4371e269b5466f3618fe53c48a0e4d588643b7238cf343134fa8fb5943312d953ef56b2c06524ebfed554dc3773dea197e5957692093d735296a2db52fb3cc14094b4847f13364d37cc129dadf28ef4cdcfb8ec76940e72473512ea404851e127b6ecff4aa1f31a36f1aa3663393eb9aab35889a762c0ee279a7dac91ccec14347ee4d5e5926b4fdf46790701c8cf6a995d96a664cb605509519f5154a4b568e325d5978dd8615b4d2ee6cb10a4f7a94db097043abfb54a45f31ca19024b9070e3a907069d35f4f17cd1ccd1b0e72a715bdaa5b7da1154a1c21c928bd2b325d1f7ae636c1ee5f9a2fd0d545773162d6af26be633889976e37aae1d8f6c9cd58926131e839e4e477aa1710cb6ba93c0cbbd948f990121b233573c87ef9a718f28dc51379c54019e82abc923c8e4d2f9659b935208f69dc79a7ca2e5119374608ebde9bb881c82715723c6dcd01413bb1806a74336881183af231f5a86590203b473daa77fde4bb132598f403353c3a398f2f7328539e220395fa9fe953cd664d8af65049280eed91deaf49730a44d1c60f9bfde23814c9a6057116063af18aa2c8fbb713ce79ad6e34d16066419272696498411ef73c640fce88e3f3132e79cf6ab2238a34cb0de4faf38a5a8dd8a71bbb3ee03e5cf5ab0db19863ef55bb4b03731b952a88abb89738ddec3de896dedad4865077e39cb66ab9519a56d4486c6300492c831fdcc7f3a865be27f7687681daa09af8c9211f95470a995b18e4f7a4ec55ddc6c9234a70dc9cd5b834d32052fb4af539a97ec0d131c9526a48b4f9f5499608d4165f98173855f7cd08ae615a33191e58cfd3bd6bd9f87e4ba8d64bb95ad81e7ca400bfe27a0fa75ab563a59b5099612483ab0181f856b408c72319f535763096f72ad9e962d21f2e22de5f562c7249f735761b77c8d9bb19e49ab50d93b724e07a0ad382d446324f03d69684b4dec528ed3b9193deb46ce34b705f237118a1a4463818069e966cb8660739cd27ef2b17aa5a8db99dee06dc639a9ec6c790ca58b03c93d28bebbb4d3940bab98a172032a16cbb67a600e6b8bd53589752933200b083f2c6338fa9f53511898bbdf43aed5bc456f0acab0cde7de2e70769640dee7a1ae6ae354ba9848f7b74d71bb002e36aa01d828e2b35750941002a91d38151dd4858e7ad5469bb9df4e3615a413138c819a83715981c9c03eb4f46cf51d694aa6ec67ad7459c7636b242c93897071d2902975676654551b999980007b9355efb5ed2f47cf9b3a5c4dd3ecf0b06727f90f5e6b93d63c552df864102c1131c98f76ff00e82b58c79b7277d8ddd435cb3b5491a0bc827954e046afd6b97d53c4526a2c0c802e3f84138158f752191c31c555690ae413c7bd29c6db14bde4cbb2ea41ce0b67354e56ea7150c603b1c9a92791512b3f68ccd4251642643c93504931ddd69ad216e71f2fad519ee4c6f8cf7ad39b98526d1a0f7014727f1aa7757402f1c93559e67978279f5a8994aaf2d9ac26b5215d8f7b863d69934e5d7046698518f39f97b935b1a07856f3c49218ed1826d1b9a49548451f5f5a3ec9a28b6cc22ee8c0b3ed5f735b563a1cfa86d78dd30dfde2457a468de0dd3f4240d244b7173d4dc3f27f007a5335410c5237929819c8f5ac63ab2a71496e73b6be18b5862c5dc6b72fd724b281f803fce8ba8e183088bb7d2b56de396e1c024aa9eac45589349b7870d2c8a0f5cb10056cd2461cf639a87431772191f1f8d5a5d2ecec559e4452c3a0a8b52f13e9b04820b3b8fb44f9c30443b57f1a658da5eebc437cfe5b1fbe54ec1f8d434d0d4fda6824b789390904614e7a835734ed16595b7c84939ce2b7b49f0a1d37719f64a5882a42f4ae8ad6c100c8519a1ea44b4d0c8b0d1463e650335a70e9eb6e31b062b5a3b740b93d6aa6a770614fdde324f7aa8c51cd37628cb085e54557b8b31750952719ab90c87cacbf24f351aab163819aca51570a6d9950691f64dc54907d4f7ad2b0872accf9c8a9e462c3695e7de9cb22ac44679aa4fa1ac92643348e54ecce6b02e61b869befb282739048ae8e0f9b39a3ec7e73f2051cd622ef61f6736fb551280c71c93de9935bede57d7a54de418b95e5454272d26003cfad52bc89777b0b6e10901c0c7bd3ae826edc87a55596616b2b1931b47279a7c3347751ef52429f5a9774472ca2ee5ab7bc12c6508c1e9f5a8a4b72a4e3a531a168dc303c75ab2921923208a572e5a99d236ecae4d3ade36dac18f1da9563db2127279ef4ad328e09c53576651a6af7653bbb836ea581276f381d6a6b2bb92e9543a91ef50369eb35d0984ac4775ec6b55a12b1ee00002aecba932767a0b756e4c1812b027b8ed49e77dd0392072688a652c37838a7fee8925783ef4add8d39df518d1b310ce3af434d2fb5b0a7029fb8e7049c6698ea339cd4b44736a4d71e5c769ba4277b1e2b2fed691e08dc6af5c46678c076c81526976b147312e329823934437d4d22f9b429c8c6e15590edfad2aa4f8eac6ad3444b9e839a2498c2bb739ad9dba11cb67a959a376f976e691605ce1fb7a9ab1e7332a904231e09349711955c96c926b3b96ac569a45b78d99c83f4aa76faa24926c4608e7a722a4beb59245c91f29f7acf1a6af9c0e3907a9acddef6368c60f566e196599402df8d3d486c279801a8231e5ede3200ee6964658d0b93cf5e6ba79511383be87c230eb372d0859242c49e491561f5a7b565586568f7119d8714c92d628d324126b35a688bf11b641ef5eabe59aba46788873ae567a4e8be28bcb311afdbe708392049c1fa8aecec3e2c3e9630623747f84b4a4143ea077fa578ddadd8f2b24e31ef48d70f24830e719ed5cd38a91b51a34e9c2cd5cfa574cf8f17f0ac6ea9612ed60ce9e5b6fdb8f4cf5aefad7e3b786d997ccd564c11904dbb00a7d08eb9f7e95f20c7a8792a36b1c9ef4d3a94eb2070fcff007bb8ae6a97da2c895382f84fbaf49f89d65aded160cd711670f2ba940bf9f535affdbda4de4823f3e19a5c6484cb01f8e315f0f5af8db51f2a18cea3700201801f03f11dff001adad3fe2d6afa6cc1def84f00fbd0c8a30df901554eef422f28e87da10c9617595589368eac0702abcde1f8639fccb53e59208e093dc1ea4e6be6bd17e39d8dc4c2e63b4b95923c651d82a1f61cf3f8d7a0e93f1ead3548c3b45716e40f9c65700fa2fad3e592d517194a6ac8f4bbab5d6ac9b7dacc64c73f7978f7c3706a0b5f12eb4b76bfda5a7c6d00eb22b0427f2c8fd0561e97f182df5a65805b2a9ced573201bfea31c56f37892ca6902dccd140a57ab37cbf9d45494e3b8539f26e8da5d4175282367014039033914c9b4bd16f2326e3eca25c93b9dd5243f439cd40ab6b35a2cb1491bc2fcaba302a7f11504fa6c337ce1f24f24839a9551bd0d7db5f62b5f784ed6f14ac2e9b7f84c8db80fcab92b8f015e8320496d1949ecec33f86daec63b396dd58a3afb03507fa5726441f55cd75476d44ebc96e8f37bdf03cda7c62495546e62a363679c13f5ed59eba3cb192703f1af559240f1e245fae45636a16a24930b1fe54d5ba9bd3aea6cf3e962640481d2a1789e54dc4605776ba02480875c7b1aa379e199dc110a065ef9602b3bf63a1cd1c71463d0f34aff346031e456f4de1db8b75326d2d8eb819c564cf652b39254afe15a5985d3d8a26468feef5f5a779ad20c93c8ef53ad997c8248c546919133231cafad3ba31946e57f3031c86c9a586ea432723814ffb1aab93c91da93c960a48ed426ba9cae8b4ee4d24e1979a9edeed9801bb81552de112365b3533a797d055b92e86b156d0b8b70fe664b1f94e4107041ad5d37c61a869b2110ca8622c59a291372927a9f507e86b9f595c8c0c0fad055c6589e6b094b5b95ab3d16cbe2632aecbbb44656ff9690310cbff000124e7f315a567f10348bc9bca92692dd81fbf346427e6335e46d3bf73cd3a399e36c83ce6ae0d3d59714d1eef6ba859de29920b9866fef79722b63eb834af707ed041e066bc51af5dc02e41c74e3a568e9de34d4b4b4091cc93c6bf752e177e3d81eb8ada5056ba62b33d74f3d4f5a5214a9e3245709a6fc457b85db7566a99fe38643fc8d6ed978cb4abafdd8bb30ca73c5c2ec0df8f4ae772b12d6a6bb5d160507c8077a746a046589c93dea2402e36b261c377521b3f9559923f2fe46c8cfad677b9b53b94e5948e40ddec294812609041f7a9d624ce4120fad3f683920f4a0da5aee42cebb78ebef55e460dc938f5e6ac1b7129249c01559b11b91d467bd3eb73368413ce92234533a2af508c403f5abc9e219e28f18494839fde67fa55574558febdea0fb29db9240cf35a692dce59535b9b71f8ae16651787ecd19e3ccfbcaa7b03deafc37b6d71c4332cbce32a78ae367b767008c71ea6a16959982b8057b8359ca1ae8652835b1e84f0e5727393dcd529620a4e4d73706a57104211266118e421e40357ac7592f9f3d77e3baf7ae79a645a46a798a073d2a2711b3fc87f3a89b57b49ee9635631b91f759719c7bd5ab748ae0b329c85e49acb52b95adc6b2a31c03cd4175668ea369c31ea4d5b6854b6578f5a6b467ef649a1684dccd92d8c476e4939ef4e8a32ee4302455d6f989665a48f0aac5b1cd5395ca4cc8b870262318c1a72ef2aca794718607a11ee2ae148e694be38cf351496f93907142b6e5f999afa2c2e72bfbbf651c554b9d2e7898f9530719cf2b83fd6b6a48dd08da7231d6a16dc41c8a1dae2e6b1ceb97d9fbd477527b2e6abecb4964dae195b19001fd6ba7471c856f9beb514d680a90eb907ad2b14a573999ad016c210d9a89f4dbc43b8c1200a4f254d6f7f66012651cae3b119e69928bc0c4cdb5d739ca91cd27a11a5cc16b8922e19189ee0d4b06266048da6af48164627040070734ff00b224eb98d803df353cc5901675e4303e9934bfdb77704788caa0cf202e6a85f69b21b80c4072bd1bd2a3699add8072067d4f5a3717312dedf4fa915f34eedbd0e318ab36fa05f3e1ccd188bd01dcc7f01fe355df5c5b88fc968d86de8598107e94f882cd1ed6c367b1a9574691b4b719796e6198aabeec75fad4f65a6adcc6cf3dec56aaa7932724fd39141b199173b3823239ed555965dd82ac067bd68e457bbd092ded53ce2e6e55140fbc70011ee7352c96fb242490e33907d6a3fecd82e23fdedc18c672576839fccd2adb7d9c6124dd1afddedfa53bab0891a51819041f5a81d6499ced76fc4d12487be3f3a6f9c10673815266e2491cefbb120cfbd598e40eff002b91f5aa3e61e1b395352f9ab8041e4fa548f6d4d3f22458c90db87539a8154cce142b31271c5476db9a40cf2bedeebb8e31505f33ff006a4a60675b738dbf374e391f9d16368cae8ae50b5d14c6d0cd827b5492590391b867d6b424787ec29c0dfc6e6c724d57588c8320e695d13ccca5fd90db4b03c75a81ad5ddc2004926b4ff7d31da036d53c915249a926990bc592cec0f03904e3bd55ca524670b316a019483f4a5111be9f11204181f79bdb939355219a4ba90b4b233f72cc7ad5e7b8784048c1538eb8a5245dd166d241a3dbdd797febe5519dc770c8ce38f4e4d65b3492316662727924f5a7cdbe41f3361bd6a358a46002fcdef59f299493b886304e41e683193c91c7ad4c14c67e6ea3d6ad45307529b327d71548146c65a31571b8e013deb4a0b7c49fbd3803b1a58658ac66596451200725700e7f3a82fb5059ae37c24ae791c60834c766c9751d585a280bf3447e5c01ce6b3bed8d7418838239e6912d77601e467a568dae9f6bbbfd2772c3cee119c31f4fd6ab525435329209246dd83ee6b4536409b89e7d6addad8c971ff1ef0c92460ed2e14ed1f56ad8d2f434b2b949ddccf32925723e45e3f53f5a16a36ac54d2b40b8bcfdf5d6f860232aaad866ff0001fad747670359e5114244d8dcb8ce71561721776096ee4d5ab5b37bc4476709dcf1409dad72bbc0663945da2af69b64cc1d5ce0020e71d739ff000abc966208f24e4f5a5f3a5f2dbc88fcd73fc00751de96a1643a32902e0e0e3bd2c6cb7cfb242ca99e481daacd8436ed664de228901cf2cc38ff00809acdbdf115959ccf0da442f64550c248e41e5f2482091c823d29c6ef43297f74d29ecf4fb2b6f325be488282c1e5600b1f4c75ae7b58f147da13c8b391962ead70a4a16f61edfceb2354d564bab996599422b11b6356caaf03ff00d759ab78a431390074f7ae9f67dcda0afab249a511b65467772589e4fe350b5d65b04714ad32c9d3273503464b631d692828b2e5044b0487ccc8edd29e4b3b1c927269b1a1881672a91af2cec7000f73595ad78badacc3269d3dbdcdcf42c3e745f7f426b4d49f84d69ef6dec5375dcab02e376482491f41cd72dadf88a39a3716f70cf1bf03e52bf2fe358f36b335c2b99e779ddbab48d9c7b0f6acc958bae739a96f4358f723675f3094017e94f793672fd3d6ab9c7527069c7332e09cd253295a3aa104be6392a78aaf34db9f19ef4d5919642a0714e9a31b7766a9ddb2a3b8e524f03f3a8a670720b60d356f82e54ae7deaa5c49bb27d6b195ee6ac96498a210307359b709e6b827d6a642d23609ef5721d327b860b0c325c31fe1894b1ab8a329456e67ac2c48c138ad2d37c3b75ad48b1c08a41eb248d8415d6699e07b6b68a1935232c92b2876818796a99e769f5c5740dab58e8b088a38c06db958e2181f89ed51296bb19a9475d4ced0fc190e8fb4ddc76b3ba9ceec161edf7aba2baf11438f2b7c6194642800573b35f6afaf2b1b68e3674c12a0aa0c7a026b56c7c1f1ee8eeaeda496e08ff568c028c7ae339a7295ba07b5e82da4cda94ac4b9602a493498da52c46e3d40a4d7bc416de1c88b3c6f7333290b1c2376d23a6e39e05795ebdf17a7b9924b35b168ccbf23c90cdf3e4f60b8a98da4f43394d5ae8edf58f105968eccaa56e671ff002cd240003fed376ae1354f1d5f6bd70104114109f904606e6ea79cd56d1fc07af7893505f34c9a2e9ca400d75190ccdeca707df2715ea3a3fc39d12d6dca3d82c930500dc798e096fef0e78adb95455ce784935ef1cdf82fe1cdaccbf6bd4a569a4ce638613b517ea7a9af4e86ccaaa7cbc280aa31c003b543a06842c1fe67dcb81b47a7d6b71c82f80463bd73b93931c2f04505b73e600403567cb8e304e36d366b88edb748e460724d605b6bd717d7043aaaa8ea17355a761392356e33d549c5539a313633d7deac25e0dc73d29b2ae412a067ad1e660e4a5b14e48885c66a7b35539c8cb7ae6a165666cb1c7353c398f2dda912b4651d418c332e1f20f5152345fbade0f3d698cab797a0e4e0558ba411fca0e47ad276375dc8a0cb704e2adc50143bcb9fceabdb43e664b67ea2af476be6f0ee76d21eec52dbc106aac9b96391b3f3638a95d84331419c0ee6a369573d7afad5c449d99c96a96b7371709b0b05cfcc2ba5d261482dd51c6e34f9610ef9452c4f3c0ab16f851c8e694b61b97305c420be1338aa9f6a10c9b4fe3572e65289bb354c01202c47351615ae5c8fe7e578f7aab71a7b6e258e7273535b658819fa5693ed4405864d52972872ab6a61b6d8c01b47d6ae2b6635cf39a82e143484e314f8265e413c7bd44a575a18386a367d8c718c375e2a28e1766dc738152c3b279b272066b4a4f2767cb9c8aca351adc5ecfa99af285524a903d6abadc452920383c669bab492fd96458d724d605b34f0b60a1e4f535d71f795cc75e6b23a204c8bc671de9fe798f0539f5a758b37d970cbd7a934f484725f2055f2a293b48ad7334d3a82a9b7d4d22a33a82fcb0ab1248c119633bbeb4d88bada9cb2f9a7be2b2933a3e25a0f8e1f30649e951c922c8de5a9e475ab31c65ad4ee3863d48aaab0ac6c581cb7bd424ee676b3d4461d9a9ed6eb1ec2792464d12dba70eccc1f39ebc512485b0491e957289d114adb8cb8036e781eb50f96922825b8ab0e3cc8882073dea292d5a2841665f9bfbad5715dd8a53e53e1636f2ca76336d6f5cd3e2d136b1795ab72c745445f36462ec7b53f508e18e3f9b835dd19744126bb9cddc5b9879550c3b826a092668c82ab8c9ab978ad27dc2719ea6acd8e9e2e15430c9f5aae5b6a2e6292ce180cf06a6698347cfe953ea1a3f96325b24d5086dda13839233deb8dee4cb704b939e0103d6926b80dc6fe3bd4934677650139acdbe8ded70e559b272456b4f7d0993352d6f3c9188c9f735b767ae3d92ee5386ee4d7196d2b4ec0a92b8ea0d5ff00318e320fd6b694b42e9b6b53b6b7f161918798c49cf041c56a7fc2d1bbd263d8aed321e70ec491f9d79c2cacb2024e16997572b9c9635c9cb764e223ccae8f63f0efc6ed6aca41f659996073f35bce15e21ee07515e95a4fc7fb8c04bc5b4e790b12141ff7d13fa57cb36778ec06d385ad23ac15658dc9c7ad6ea28c70d4e4f73ecad03e2b41acfcab6bb3f8b77980e7d8d74d63e2cb7d42730a07420658bae07e609af8797c452f9622495821f4620575165e38d52ded62893509a301769dad807eb50dbbe8744e9bbe8cfb323686e031574936f2db5c363f2a85b4d8ae98c8920561ce0739af93b4ff0089daae9aea6daed2ddf396744196fae49aed749fda19e28d9657823be5180f33611c7a903bd293718dd99f2b848f7a7d12793e78d86075e2a2b8b796d53f78a335e7fa3fc7eb69218d6f6f74f8918e5f62b6efa822bb4b3f1ae8dac5b8923d52de5461904367f0e3bfb562aa3dc6ab5e5633ef2f842dcc2cc09e94ad369f76a412a1cf6239ae9a386c6e2257d914e0f21d901c7e638a8aebc3b606272b6f1a4ad93b941520fe071f98ad3dbe963a233ee72d6fa6e997974605900988dc1769191ec7a67daaadef80d9ee1dadae136e32a1c9ce7dc8157ee7c2532e64621bbe6a2feced52de2f35126f2f38de01c7e75973396b7374ddae73d75e16bdb6dcad6ececbd7cb1bf3f4c75ac85b395490c8c3fde522bb89356be8f1e6c4d27383c54eb7f6b7640950311d1640081f855733ea66ea3bec79fac4d10391f8d50b879164cf35e97368904e49da00639c54177e0917118688229f5635a5c39b98f3a598b7269eb71bf8e6ba2baf06ce996520fb5645c694f62d995767a1356a3cc34a4b7283c986e45579a69164054715a1f65f37393906ab4d6a55801d07ad16b1a2f31eb2b6dc914c667ebc7e35248be5c6327355da5cb633d6b4572b9917166665073b7d695afbe5c6437ae79aa265f2d5813f7bb9355955bccc9638359ca3a99393be86cdbea6438688b43229e1e36da47e55d269fe3ad4f4f8f02ebed207212e86ff00fc7bad71a8811720d2ab15c9cfeb4d268e88cac8f4fb2f8991c9c5d69eea00e5ede40d93ebb4e3f9d6ed9f8af4ed4147933b46dc6f5994a95fe9fad788acceb213b881f5a9a4bf731ec12b01d480c69d85cdd4f7a120923de8cb221e8e8d953f8d46880b1dff005af17d1f5fbfd24bb5a5e496c5d70d8c303f8106ba3b1f885a9dbba19bc8be04e5ccabb5c8f40474a5677d069f53d1db77ddce0505829f98f18ae62c3c7d6f727f7f6ad0e4f24481957f4ad86d534fbc8d64fb7411e7a2bb8561f866897ba3b21f70ab37f11c6692381635ce037d692450b80a49079073c114f4276e4e454733326b518546ee2a68ced19355c9224ce78a955c6704d408ae662d3920723bd48d74e3a48558775620d24c42be42827ae69630b282cc83229a8dcadf42e58ead32b1dce64cf67e6b497c4115bc7b65591949e766091f9915cf3e33c281cd46f212d8359ca9be82e547636baa59df4784940661feae4c2b8fc289adf629e0e719e6b918c1521f01b1c8cf6a922d42784b6c964507aaee3b7f2e958b8b447b346f0010e49a76d2dc8e7bd63a789263c5cdb46e01e1d1ca13f51822af5beb104b9de7c839e033647e7ffd6a2ec72a765725f3998e0af14a9662e18fcd81dea7697ed16e1a3fde2ffb2738ff000aacd2b4606c6e0f7142d4e472d471d31036539607393c556ba57071820fad4a649d4ef0c48ef4f8e469b971f89ab2e267cccca54b0cd46f87e40c569c91866f7a8a487e71e9dea6c6b64ca261499763a065a63e8da7cb091b258a6cfdf8a6208fcf35a4c8b19c84247b55794ed624e306a6c3d8c836ad09da09703bb7534b1c91aac8b24092ee18fde206c7bd5d90194fcbda9aa8b1825d79ef4edd8c6467243a6946416b6a8feaabf38fc6a849a74accc602aaa39f99b06b724b3b0b8505add5581fbe9956fcc119fc69971a49da64b590e0725242391ec7fc6a1de24abad8c11e7c4bb482a0f27de9f1df9b76f9a35938c61f357cc8c9f294ce4f39ed447159b487ed30170c3aab1047bd2b9a28f5654678264064c2b1e481d2a06f9b2518103b54b7164242c21271fc393559748bb0d94923dd9e859b1fca8d4d2e9122dab4832f538b0b69976ca5829ebb5b06a086e9e19192520953860454bf688e52492568d45b8d9ace1b75c0738270bbcf26a08b6f9c01e403920f7a96689aea455120c161c93c0f7a8a6b67b4b8284ac857f893906aaf607e66ac11c32f1bb69f4ce2abcd6f26e206723a9c571de2cd6a6b5b88aded6592da7552d3127a671b71efd6b93bef126b5e4b467509bca6ea42e0e3ebd6b7a74dcd1ac60daba3d3eeef22b353f69995147562dd3f2aacd2a4f1ef8a412c2dd187435e50757bd906d12b4aa46486058fd6b434fd72e2cc79cd7ad68abcb023e523e87ad653a4e2ee0e323aed52c2e2656c5cca223ff2cc48db5bf0ae5f58b5d4b4fb1696c2ede39959710eec8239c9e7f0a9e4f8ada1ac7ba4fb5c912fde955000bf9d73baafc64f0cc73310f752aaf42aab86fa64ff003a8bbbd9a2396cf5153e2378834f056e11276071b5c053fa71504ff18aeac14cb1dc6dba2df359b91b47ba9ae53c49f14f48d71a4fb25abdb0600195d94124772074fc0d798ebde2086e2ecc81c4befe95d5182dd9b4a2b9743e8ed1fe3c695a94de56af6cf652f0449137980fa93819fd0fd6bd1347f14e8baa44ad637d15d3b10ab1870187b915f135aebe6cff007b1e0b11deae5bf899af1fe522da41cee89b1cd29d356d0c23a23ee492ce499d8f2403fc2739aa935d793ba35182383eb5f2a691f14759d3f6eebab898a60f9a6e1816c740dcf22bd2bc27f1d2c7c41722df53896c2e8f2b22b7c8cdcf073d3b572abb76293ee7ad2b9978356edb4a497e72cca739f63597a3789b44bc014eab68b3b305584ca339aea0595d48de5c11176232a77050463ae4f15bf25cd345b148c2b0b601c9f5ab965a14faa3e65736f6f9e5c2e59bd80feb5ab6fe1d48995a7db753e41ee154fe7f37d4d6fb5bac68aa8588c77349d922799f529d9db456b6715a44088a3e067ab7b9f7a98c4ca3007152cb6be5aab8639ee0d69d8f96aab26e57c9e0a9ce0e6b34ec65ccae47656be6439604027f8862af808bc01cd3a7924959427393cd25c47f678de59015f2d773375c0ad2f75621b268edcb12588e7b66a192e2cf47b80f7772b6fb792b9cb7e42b06f3c6732f1636a14f5fb44c727f05ff001ae7ee2f24b8f999999f2589272493ef472b36a74652d59b1ad7889f5398a4123456e092176ed66fafb56481e56153080765a6100e0f19ef401b949dc33f5adba58d3d9f2bd42ed4c8b83d7ae6a979648200cf73564c6fbb2c783ef49248b66be64d2a4119fe395b6834d48d6e86430bb1e2abeb3ab5b6871a35cf992cae7e58a1c16e9d4e4f02b9bd6bc6a649a6b6b29d16df1b5a7889dec7be0f61f4ae69e5552cca492c72493926ad490afa9abad78825d631e6168e056dc200df2e7dfd4d640b85924da1702a269bcce0d35405c9ce0d6b74d194a3764d3000120839eb51a380a01350c8ece70a73eb5192c8492df515c727ad81684f73b0af1502dd8854e7b530ce0be4f22aadc61dbae054a632c0b8131dc01e6a76953caf9aa95b4c141039c53f0f3c9b54339ea76a93fcaaf98a4577cbb9c0e3d6a686dde491500692463f2a28cb1fc2ba2d17c1f2ea96e26b99cd9c7bb0230b991beb9e95d459d95a68319583196eb2372edf534b9593cece62c3c2065c1ba0d6e3a94c7cc7fc2baad36de1d2e111420a2f70288d67be7c5bc6d21eb85f4ad6b1d2de18d9ae403267851ce056b1925b19ca6ec60df497ba84c561b4b831a71bd50956f7cf4ab3a7f85ed2e1c3df79d2c9919895b6a9f63c64d5cd63c57a66831a23b493cc78114183b7dd89e057947c40f8c8d6f70b1586a71da2b2ed6b7b4c48e5b273b9f1c718e951f1cac8e495e3ef5cf4cd6b5bd37c2eeb0c502bdc11bbecd1305c0fad79578dbe326a36321b75d496d4c80eeb7830de527a67ae7debcbf50f186b5ae6a06cb4e8ae2eae6e0ee670c649187f4fad77df0f7e037f6b32ddf899a48e3675ff0043b6957711dfcc6ea73e83d6ba9518c55e4609caa3d4e4edee35cf1b5e47a7e85348ab3366572cc147b96ff0af6ef877f08ed7c3aa979ad4a351d591b746ca58220231f9f5af47d1f49b4d0ac63b6d32d23b08235dab1c63a0fad5d4b55652587cc4e49ae49b4be13ae308a8d8a70dada46773263d3733363e9926b4e1f25080155bb9cd5768576fcc071dea05be092600c638ce6b34fcc145166f2448e40c871c74aa925d166e38aab717ced30e3e53d493444cc7e6ca91ef4af6326dc5e841aa6fb88f664e339cd50d3ed5ad77163b893d7d2b42ec17e01345ba8e0152dee4d119f71377d18d8e133100363dea7606dd32c77629ebb6393807228b890c9d873d6aa5513d0c63069dd191ac5c4db93cb071d49a9ad2fa4306645e00abbe489170e318a8e458a3420e3a545f4b22a51d6e52171b58ba0209a2de7794e1cee6cf534476af302c846dfad2c6ad1cc3b906805e4682b337ca339156216d8a779fcea28d9f1bdd4a9a459bcc67073c8eb430d772c2c89264753eb55cdb867e4544b22c72ed66c1278a7cf363ab631de88b68bba5b966dac65883c8d20c7651d8553927c3672319ef5660bef32365cf3eb5972a9126589c668949b0e6ec6aaaacaa09e45218d307005436b216fddf7eb52cd85c614e7b9a9b9aaec655d5f1b39411fad5f87501730a904138c9154755d3cdda8653865e6a869704d0cbbdc10a320134e4afa99c9db56748d189003939ef54ae2362c7c91f8e6af5a4bba3208c9a8a68995b27e504d1ca4c6aa96c538d5d58316208ebcd4e6e4e320e7d696e1571843c77cd4415231919cd2710e61d2b798a320fbd096a370651c0e7069c97064e30314e69b637cd803eb54958e793bb079362e08c0f6aaad705db2c4802aeb4d13b60f3513428dbb8ad39ada1514e4c8449b572add6a391c6e19c83d49cd2ccfb54950a76fad616a1ab996e042037b9ec2abe23a6ce2b5377cff38101ce07a1a4557fbd9e3ae6a8da111460a9ceee6b42163272c7029b8729cbed351ad3191b9fd6a09ad656906c93e4ea78a9a72b9010f356638ff75bb7735996a5a94d9a48f009e7de924919ce318cd4d30565c93f367bd2f964c638fc6895999d46efa1f200b8600f1851597797226976942467ad5e6df2642fe3500429cb1cd75c61666ce5623fb2c0d18c641ef42486ddbe41b8d3a6217054727a8a7c309da647600f615d367b15192632f2277884ae0fbe2996f64b300c01f7cd4fe73f46e57d2acc7703cbe148ae671f78a5511977512c248aa4aa646248cd6a5d5b999bdea1fb38db82706af91c75095ba18d258fef8b28c13d69b7314b16085de2b7a38e0db8380c7b9a56b5dcb90411593638cd6c7352412de60aa94c75cd24f6e638fe7e4d74b6b0c5b8866f9aa1d42c82c6cc71ed5316e52b1a4ad239fb494c43383b6b4e3921b88ce5791dcd471dbedfbe3e5a9191769f2c63d6baa71b2142f1d88246319c8e82a33aab7201c63de926697691b7350c313cadf32607726b14b536e6bee496fa84ed372e71f5ab91dd7cfb98927eb513dba2a6507355e157dfc9ad65671b322714f5347fb4255239fdde7a62b7ac3c63716bb5ada57b771ce636207e5d2b95691d5b0c3827ad4b0ed519cd7228a5a58f3dd3e597323d434bf8afe20b0f9a2d5e7f9bef23b1287f0edf85777a17ed07a899a282e03794cc177b36f009f5f6af008a62c339adbf0bc6b71aad98958ac0674f33032420393c50a9464f535843da4ac7defe09b7b8d77c3969a9de844172bbd50775c9e7dab72fac22687cb0b8039e0d5ad32c62b3f0ee9b6d6c42451408a8739f97a8a4dbbb86c572cd5b634973d37cace626d3d20dcd8000ef5423d1ac6e98b79680a9cb3a28cfe26b5bc570c9fd937ef1c9e5b470b386ce3a57cd1ff0ba3588751952dd6dd60562aa64dc1d87739078a211919dddcf7cbdd28212118e07426b3cc17b172a7cc5f41926bce74df8dd120ff89b5daa331e1f617fc091cd75763f143499e35956f6de40c3e5447cbb1ff77a8aea4dadcd9c974343ed570b2e4c4719e4e2aedacd1cc70731b1fbc41c558b0f14d9ead0a318a58f278565ddfa8ab1258c12b79a0614f24d6ea690dca7d4cad4bc356375fbd3b9651c028061bebfe3584de0f17326cf30283923e5feb5d8cda6c9e58756211ba126b1ae9eea094050db73cb54f382a8fa9c96a1e11b8b190f9ab1ca8391b1b71c7b8ae664d395a76c6ec2b13b48391f9d7a9de5eb5bdb99e752428c938acd5f16689ad4623d42cbeef496450ff9ede47eb52e4cd39d5ae79bcf6a24619e82a39230bc0e6bd41b40d035021522b5427ee98260ac7f5e7f1ac9bdf87b6ed700c17935bc79cec7883e7f1ce688d4b7c462aa7333875b79586e078a468f6b673cd74f79e15beb240570f16787da5770cfa73fceb1e6b7dce47561d47a568e69ec75a7a5ccb3863d79a864521b209eb5aaf6e56320a753d48a825b5db16e1c9a8e67d4a4450b338c8356173ddb15144bb4648c52c8db8f269f317745c4b9298c1fd6a592e0483780acddf70cd67a919c66a6570bc0619a2e1cc6d699e2ad434f40915ecb128e1572182fd01c8adfb5f1e5f342a2e0dbdd0e773b26c73f8af1fa5702cdb9ce1b934e4df1ae7771537466dbbea7a643e2dd3e455794cd1393ca6cdf8fc476ad7b4beb5bd3fe8f731ccdd76a1c9af1ff00ed00b20218d5d8eed8b2cdbd94af20ab1523f11496a51eb7e5ba365948ddea29cb196cfcd8af29b3f16eab637245b6a32471b1cb0601ff0056cd75963f1222cac77d632b311b7ccb62a771f75ed4f995ec2573a491596438e7de98f190bb88c66ab5b78c346bc90c5f6d4b7947256e3e403fe05d09abb3cfbe2003abab0dcaca41047ad129241a9044c637c92769eb52ec5662cb9e7d4d3170eb83cd4d198917e73c678a84ee5a236b70725d8006a38ed37c99dc401deacb61c651b70a8bcc6e41c0aad0d799bd0ab25a85b82c08ce7ef0ea6adc7aa5c5ba2a47b5917a6e5e950f2b9a67985ba8a66728459af6fe2448e2c5d5bb0cf05e0f9bf307fa55f82e2d6e18986759307e65e8c3ea0d730c119b0726959460865c83c722a2515d0c953d743b19ed823a8c01bbbe78aaf24050924826b9782e1ac58b427616eb8e87eb572dfc512018b8b25739e5a2976eefc08e2a1458a54dad4d80ec9cb1e01a8e54f398902abaf88b4eb874dd2791211ca4aa703fe058c1ad18de2913cc5dac9fde5e45128db727533f263c803eb43c3e60c30eb56e78d5c8618f7c5445640a4e3207ad49995d6cf03a8c531d8c679cfe156d1815c9eb46c8df391926a64ee066bb445b206e3ee2a19a037241098c0ea2afdd69c6188ca01da3a9f4aaab20f5c7d4d458a4674ba749bb025f2f3dfad448f259c854b79c338dc78ad1b9b86db8fe558979a946809c1007258d3b06b72cdc3dbc926e70a1cf5c77a6c3a6db5e2e22bb8d27c9263661c0f5c6735cf5c6b9f6a6220882c2a30cf2fcac4e7eb81583af78d344d057cbbd6926b92bb84512824e7d0e685b96de8765a942da2dbc973348a208f1ba45c91c9c0fe758379f11343d3a32f7374c197f8590f3f9735e4be23f8b17724660d397c8b76e3ca9db7a81eb835c0ebbe36bd9e54927db732f41d005ada14d4b5638d9a3d13c59f13ad2eb54bcbbb78d6ea191811b9995c7038ae0752f88914c58c13087fd96278ae62e3579aea42efc6efe11d05739aea877df804fbd75c1ad6c38cfa1d5dd7c48bf997cb4b87dbff3d15f18359ede35d52e58c77572d7117d7045717f6a6008ce288ee0a9c96cd4c9f7378cbb9d3deeb62e94aca5d80eccc6b2db555c14dab8358d7174581e6a3b66dcc371e73d6b094948529235649147f08fcaab4dbe607029f29d89d7355fed5b72334f98719151a69501049e2ac5a5c3e78241f5aad2480c9926a58e653ed4b9998bdcd4591e42bb9db00f50d8abeba822b28c3161d1ab092e40e872295f54d8c0002a23b8a5aee769a7f8a2ead64550db541cab2f0c0fd6bd97e1cfed27acf8523165a92b6a3a7862c8cc4348b918c127aafd6be6d4d40b0049ab50eb816400c25ffe055d108a93d4cea5f96c8fd1ff00877f1134cf8856b0b5bc91c1712217386fdd920f2bea1b9e86bbb6b2783fd6a95c73cf7afcd7f0bf8827d3ae629ec666b691997715f4ce6beb8f00fed4d61aa5bdbe99e22816daf90ec5b981f0922f38fbc7839c0ff38acb114bd9eab5318cdb8d8f6f9364d1ed0063be292cede36210823072a07ae6ab5beb3a0c1a6c5710de2258b00db94190e5b1e993585a9f882e2e6f9c69b7661d3c8001d837b0ee72464573c63cc8519f33b23a7d43c4169a1dd22ffc7dcaa326de3619cffb47b0ff001ae7753d6ef35698cf72e2307216188908abe98ee7dcd50e3860063bfd683f338c92456ca2a2ceb847ab123cf2a09c5181ce7ad2fcd1b676f14a57773c124f73577b9da9ae84326e63807ad28510426496458a25fbd248db557ea4d56d5b5eb2d07ca170fe6cd293e5c511dd9c0c9c91d0722b8ad57c4377aacefe7ca4c04fcb6e8708a3e9dcfb9a6b50699d4ea1e31b7b77f2ad214bd3d1a7326114fb7f7ab8cbfba795d9a591e67ce7748d9fcaa0790b92738aa97133eee7247ad29684c95b620921d8d91c0f4148ac6a4dfbf8351ba057ceea956335e635a42af9cd2cd21db9e9ef4c9191bbe4d539ee883b71c56c995ca5b8e538dc0d56b8919989ce2ab4d7455700914c8dcc8a77363eb58495d993ba63d66249cd3d2192e5f0a8ce7a9da3381ea6b774af87fa8ea51c72cd3c561149f300e0b498f5c7bd77ba1f842cbc2d1add79cf2c8011e7c9f2a9fa2f39a97a16b5388f0ef82e4d6260249fecd0f5660a7715ef8f7aed6d6c6db4187ecb6db9235fef1058fbe714fbad7a192f52184bb3b9c0f971cf7fc3dea68f4f378c649255403aab753571b331a927166799cccc4283963f89abf6be1e7b87469dda387f88a9f9ff00015b1a6585a7998f2229194603f523f1cd69496db4601c0ab72b239255256308ea563e1f85d9e76081b6b00acec7eb815e31e28fda1af1730a25bc7131dac9029de7eac4ff002aefbe2bff00c4bf4e0913132c8920623afccb9cfd6bc0fc31f0a75af1f5e2c509fb1da44dfbcb99475ebd3d4d671b37793345ac1b6607897e2a6af7323791d26257cb23248c7a5743f0ff00e07788fe21b25cdcc4746d39b2c6e244f9e400f200edf526bdcbe1bfc07f0f7833508af9d8ea7a846095b8981f949046719c57a8b65bf8871ce17a5275a2be04631f3382f0dfc1df0ef83e148ac74f8de55015af1dd8c8c7b93ffd6ae974ef0ec3a63168c3124e4827201ad55f9cf27a7bd3a498460719c9ac7da4ef76cd13560574231b707deb2758d60d9c6362b312c17e5fe756ee2e3682d5cedcc3717574cc01dacd9ebd2abe21c6c99a76d7b25c461c93cf634872afb8835043ba250b8c63ad48672e4062715934efa0e528a1b3442752c4907d6a3c98e3e4f03bd4f32b6dc96c0aad0dc6e9366e0413eb4eefa98369b1caed20ce2923f37cedc090a3b55c58519339e9d686545e9d7d6a1489ba5a9134855c16cf3486526404838a763cee41e054f0461b83f9d2b6b72f993d84915a55c960a3deb367460f8ce47ad5cbd3b060be2a82c84bf27233d6a94ac1a96ede3305be48e3af5aa90b6fbbc93f2e735798b490800e3eb5562842cb92c0fb8355cda936b1ae424c0720d433c223cb28a58d76e0f6ef514d74109079a6eeb52d4ae60dc995ae59ce7939e6b4ad73729973c77a73442e17711d6a6b784c2a7d2b38c9f5224afa96ace28d14e075a8efedd4ae3b0e41a486e003b4fad3af25410962460724d36ddf404d5b5332de568672c4f6c735792532fdee87bd51fed0825526064930c558a9ce0fa558819a44c83c7ad56a3ba26751cf39355268cca3049551e956d6208092727de97c8dea4e6aae4bb15adae45a9c11903bd6937fa64631d7af35932615b923e86a6499d222c5b0a3ae2ad48c5c7b1a325a44223bd46ef5cd655c28881209c54575a9095701f2ddb3525b334abfbd5dc3ad55c957bea3228c373bf0dd69f24f1a8c312c455a67555c6d1f5a80401a4cb0c8a7cc538db616de78c91c1fc455ab861e5fcbdfad32341c80a315288411c9353cc85adee545b28a65c333127b0aa373a35ba481c4641f526b641484e49c542d70970a4ae4fd453e6ea8e96dd4566ccc5b5048e38156000381c5358c9b8e3d69f15bbc992e4822af99bdce66b958cf97cce48c9a9ba26778a3ca8e12cc503b118c93d2a0918f502b394ada16bde15a313672c171cf3de91965551f313ed54e6be58dbe6600fbd5db5b80ca0b1041a94f987cbaea7c78c5d86e4c01558cdfbce4e48eb4d5bb766dbd47a8a74a00f9ca8af5d357265b8f9333e0e3f1a369c00cd47db130171827da9cb711ee0188fc6a98e055b89995b1bc2d4ab74cb1e7703525d58c770dbc9207b5324d39238f70624fb9a9b26cd9c53163bd0e32cbcd45704e4b29f7a6aaeeee7834b763e552a724f5aa9ec67ca67bc92bb13b703d73562caf5d06d2437d6a650af1ec2064f7aacb01b5989c645733b333e5e577448d2e64ddd39cd38cdf682013fad42d70158ef1c7ad3a36476dca78cd69ecd6e7445df71d2a9030466a37c3e3031575550a93907eb54a69e1858876ebd294ae6a95c7320ee46285489f23200a6a6275ce783de9c60d8b9009a0ae52236e03100e45579232a720719eb5a10a175e4103d4d3cc31e0f209a862316eb73c6572734cb488a47fbc2735a6ab1b4bc81c1e6a76862e482285dcce514ca3046c32413835e8df04b4d5d4be25f87ad658ccb1c9392536e7381c715c3dba6e900278cd7b87ecbfa27dbbe27c53b3958ec6033100677e78dbf8ff004aa724a2d974bdc95cfb49d4aa00c318f9719e98e2ab32c71f50dee6aec8c6e18367058ee23a555b884a93bba0ef5e7ee4d59733b9c678f2459fc3bad46accbbed9d55b1c838ff00f5d7c2dadde8dcaea36ed24647b1eb5f617c6cba974ef07df98662924c0e3079c290587e44d7c69e205324cc01e2bd0a715ca62932947aa33313e6138f7a745e249ac66f3149df9eb58b266df383551ee4b9e4e4d4ecec4f2d99df5afc51d62ccaf957b711a9fbe2172b9fd79aedb43fda02ff004d23eda8f7b195ff00581ca1fa11fd6bc41260319352b5e0519049a4e2a573ae3ef6923e93d33e3ed94cc2559aead9ff008adf3be33f81fe75e8da07c54835686374b5460dc199250bc77c83d2be234d49d096e47a9cd5cb1d7042d95e0e79f98d65ecec9dce69d26a5a6c7de567ad586b52c86d6e6dee8c7cbaab0629f51503e93a5eb12323d9dbca4b7cc621b1b9ed9422be3fb6f185cc6b198ae8c2abd9060b7b13deba8b0f8e1add9b44aa227817868e225323d73d73586bd19b3a7ecd6e7bfdf7c3fb2dcf1db4d3da12d9c300eaa7f1e7f5aad6be17f11e94adf62d4e09114710b33618678e1c601fc6b88d0ff68485631f6ad327dc3f8fccf317e9935d6697f1b348d522679512c5d4f31bb92e47b56fcae4b540bbd8b1a8ebfafe88c926a7a3a4b1923e78b257f35240a7daf886cbc41f2c96e90ca395478c1c8f638ae9b43f1369dab31920b8c00a1b76e5656fc8ff0031566fa3b3d526255adee245c61d36971f9735ceed17a32a4d58e565d1ed6e00091ac2c0e43aff00874aa173e0b69b252ed49eb878c8cfe44d7692e805a3c8cc60f018af7acab8d3eeecdbe578dc678c13cfe15aa9265467638abcf0bcd6fc1c961d08e86a95c5838e1c7ce3afb57a04de72c2924e8b927048ed5037d9a7187453cfdeda3f9d5e83e6d4f3bfb2306e78355e60dbf07ad7a236856f348486520ff11ed55aebc2f2ba0459add97a8de5860ffdf26a5cec6eb95eb73815439cf24d472f99bc0de769ed9ae866d12f2d1db75b36dce37c7f3afe62aa4fa54d1b6e92078c1fe2238356a2e5a8688cf8e15520935625601300d23c257b7e353c76ecf192547b51ca59556324e47dea9a3de1b2c769eb934be53a73d2a272cc7924d4d8a4c959c3905b0d839e466ad58dd9b39032bb8f4c31e2b3724b0c9a977143d2a81c91d443e30bdb3231b6e57bf9ec723e845695bf8e2299be7b0914e390b3023f515c219cb1e0d22dc309284d6c676d743d5ac359b5bff9a19b649fc514bf295fcf835a08c558e577fa10720d78fdcdd3dc426262c11861941fbc3deafd9ea773691ec82e258a36ea8adf29abe5474c23cc7a94ccadb48014f7150b6376735c5db78d353563e70b7b98f0399176b7e62b520f1958c98371e65b1ead805d07e22b369df62651e566e995777dde7d69d20668c9aa716ada5c88ae353b43bb907cd1c7d7d2aeb87da300e0f7ec698d683619708415e7b9351322348491d6a465dac09efef504d2053c5519c9a252b1b9e1467d69de6341808eca09c9556201fad4114c31c673ef48c599f9a1f9989a30eb172a4a911ba9e859791f883569758122047201f51d0d62b93c7a544dbf76e047e350d2b11c9ccce9e19a17e77863dc03cd4b33053c023eb5c9b4ccca472a4f70714d8b53b9b338f3dca760f8603e99ac3947ecdf41de2fd45e3d634eb790b32794d24271fc448dc38fa547fdaeeb1b6c4f30a8e431c62b82f8d1e2a91345d3a312326a524c7ca9211b36201f312474ea2bcd748d7e492fa0fb5ddbb1f314196690e40cf539aa7171573057523db2ebc457b2128b22c28782517e6c7b13d2b9ff0011f894e8360f23c51dc3b0daa924db1bdfad6578ebe24e97a2d9b45a3cab79a84884acaa43a4471f7bdce7b57cddaaea977ab5f4b7f7d3b4d77210cec70b9c0c0e063d2a57bc8ea8c5eecee3c4ff0011f56d6a5f2e59da1851890a8c064faf15cbdceb32aa33ab995d8e4b48727f3ae6e6d58b7f1f23af34fb7ba33c79278a98c795dce494bde25babe9669b7392c73f9532eee3243139a532a282491f8d529ef2219c919cd6e9f2ea8d624ed70648f818aa37ec1a3f9bad452eb00e540c1acbbabf32be0b77f5aa52d4b6864f6f96241e2a0f24fad4f24a4af1f9d57f3d70431c35392052ee45344739ce6a358e45f9b1814f69d50e49cd365ba2c3822b1b3b97a167cd32a81923148d0093a1e6a9a5cbb7156d2468d373f028348f719242abf7fa8aa8ec449d78ab12cc25e7354a598eea91bb32fc4e9b727ad4122b19320f1547cf7dddeac0b8dddfeb5a40c65e45d8f2a99c8a7c2df3f3557cf00019a0dc14070726b68bb18b372df546b79010f8ad75d6bed916c90023ebd6b8a4badcdf331cd6b41700479ce3deb4e6bee38c4f65f873f16b52f02c16f147335d411aed11cae4aa8cf4c66bea1f00f8fb4ff1f69eb2dacb1ade28ccb029e879e83e80fe55f005bdd32c990e7f3aeefc1fe37bdf0e5dacf637d258ceacadf23108e474dc3bf53f9d5ce2a5156dcd28d3516d1f7b47b9948c1cf7a7dbdbbb38182726bcd7e1bfc7ad03c5fa6f93aa4b1e93ac22e1cc8e151cff007949e3f0adcd6bc797215a0d3d9208c1e6e9972ee3fd9cf007bd7172bbd99d11b33acd5350b4d1a3f36f5d80230b14782ee4f4e3b7e35c8eabe28bcbc8668234860b7914a9db92e41ec4d71f25d2f9ad20625dbab1249342dfb30c13cd59ac134ee4d2c8d1800923273c9cd3371da4f7aa93ceee32c72477a6c731de0b3703a8a68e86d3458691c8f7a60776ceeaaf25e10c76f3f5a432178f24806a24733639e631e48c67d6a06bb12c986c83dea29a460464e691144bcf4f526a13465a5c5b89045c86dc4d67c93932659b04f6addb0f0bea1aa833db42af6c1b6b4cf22aa83f9e6bb7d07c216ba0dbb4d23a5e5d49f7d997e451e8bfe35aa92b03972a385d17c3b77e2270b6d1158f386b9906117fc7e95db69de09b5d1e45749da72bf334857073fd056fb5ea790b1205545ce110602d64dce93aaea5708ff6b8edec8938894ee91fdf18c7e66a632bbd4c27592d05d4bc4496b790c56f07da6498e0b87e1589c00171f3551b8f09ebdadccb35ddf49696e3056396462c7e8838157ef134bf0f9124f3dbc17200606e2602423e84f1f8015caf88fe3349676f27d9bf731608578d43927d5893d2892d3439bdb7bc7752dc695e18b48e5d4248a3949da5fcbcc8dcf61c902b91f117c47b9b72e2c2dad5101c06b86dc587af518af06d5fe26df4f34860dd1bb925a6662eec7d455ad1bc03e2ef172c52ca25d36d26c32dcde3e0329ee1473531a6fa972939b3e81f82fe2c9b5ed7f55b5be68d9dad5664f2ce000af8c7b7deefe95eadac5e22c242156908c0c7205790fc30f8411f8461bcb95bb92edef235884cca17039dd8e7a1e2bd4b4fd3d618121662e178048ed53524b992465ece5bb6717ae69f777d790bb5a34b0ab28590aee19efc7d3d6ba88adc439540a91636ec038abf7169b5b200da39cd5599d429c48323b5612b5ac269ec11c4a5b19db4c793c87201fc6b2eeefda23f7b1cd3e194dc20c93bbd3daa63ee8ef62ebdc123dea032cadf78003d69b1a92d822ac2ed1c33006aee35bea4332b30f5fad52685964dd9fc335a524c36e339a836ae096efce4d389128a2b089d8f03f1a3ecb286e79a9e390a363767f1ab1e613cb803deb56ccd2336f236646424fcc319aceb1b3956f380cc87a9f4ad89e456fe2a55bcf2a2daa3af26b39479b6368ad08e42f1b6369350f98e3a838f7ab08cf336e6c8e689c8607939c62b9145c592e29bd8a9797ad676cd315dc1480467d4e3fad58b1bc966b313bc4630d92067a8ce2b1f52d3eeae32b1b2f967aabb1c1ae86d6d99ec6184100468a8327b018addc6f12a308ee53981b8f98f4a205881c01939a7dcc263caeee7bd56b7c46c727bd656699ac5a459b8c0521722a94319f38724f34ebc92463f29e0d58b2830a189c9ef5514ee44b62c3394424f61551e413c990a40ef9ab333090e31f5a89a221491c56d2b9cdadc9523c0e38a7be548cfe3555a7991414504fbd4b0cd34c33205e3ad458b8b62c8177163deb3353699d7cb0bfbb61827d6b59946e1920d4df6756c1383f5a6bdd635152dcc2b3b38e0888607e6e7f1ab76ce96ea464e09cd6acf0c7e49042938ac5b88c2f56c55b69ea6bca92d0be9fe91ca74a64cef11c126a3d3ef123521f7124f18ab934424f9baf7aad0c9c79b629f95bd833a9e79e69ad88d881ca93d29df6a7924f28af4e334e92c496ddb80a9f332ea538f4a8af2ea291b72a0393b4e335b6da7c6a47964b0f73543714c82df8d5bb7982af2dcfd696e6feea5764573032b7cabf89a72c3fe8f927e7cf356256063fbc0d53f30c7b88e4b1cf351adcce7caf540bb95484e58f4cd323b8756db26d0f9a9369ddbc9c77a6279533333105b3c9354a37215892487e52fbb93d6a0b753b8e70054adf292aad9534d31ba293915a45729d11e5442bb966271f2e7ad5a774f24b646eef59ccd3b4c5b04a539a466201e2b66ee8994503379a49c1342dec6c8c9b3e6e9d2a4f9dadd9631f311d696d6c7ecf199255ce79c9ae799cca8c9bbdce7358d3e5ba9832606d1dea0b35b94e18b003b574b2c693312a69b676cb249f37273554af7d4db489f1c6f8e3c6d01b3d4d13c2ef823ee9a83649bf2b9c7ad5d8fe5c1249cf7af45d3e4ea36ae442cd114924e6ab5c46b1aeeddcd69b8dc70581fc6aa5d6148c806ab98b868c7dab89221fd69b710c8cdc640351097e5f97e5a991cbae4b1e2852d425b87d9446832467bd579622d9da4548f0bcac58be00aaac4a64966c834dcae4cac8448a457c919e696ee47099c1c8a7c37065e30411dcd4ad2093e463cfad65bb0e85358fcd837b8e7bd2476a7692a715625000c026a38e731f1cfbd6bbec38dafa95999e204364d558916ea4daea7f1ab72b3c93138f969d08559323ad4dfb96e5a8f68caae17b53a1593613c91dead347b9416ef48b10c1c1c0ef52a44dddcab24e55302a58151d3278351342be775ebdea465dbc039c54b7734b5fa90f965a5231c7ad31e37326dcd588d8b480107eb561e108c180cfa93571b0f619676ecd200477eb5f4bfec93a494f116ab7ece238edd1778233b8b02147f335f3a5acc7cf5017bd7d6dfb27e9334de1fd6ef1a160b34cbb66cfc8cabc63f33fad2a8972333a9ac5b47ba4b21f3721b8a5b867684b001863279a8feceeccc1885dbd7355ae1dd728cec00e0e0d79fcb75a1c316efab3c63f689ba16be0c90e4f9ccc4271d09c023fef906be41d6e692594e060835f517ed29aa27fa1d842ead1acdb9d4f3d14ff326be6ad423596666c8ce735e952694753ae3513dce52e448cbd3f3acf64937e4822ba4bd88609159e369ebeb4d24d9bf2abdcc79a6961f98af156ad2eb7fce4023bd5c9ad04dc1e86a2160603803835a38ab68096a55be71700ece2b32de397cc2013d6ba25b38e28d989c93eb55a35459319039ae726da84624117279a8cdf3c1c6e25beb56a46c0caf354d9559f73035872d99ab9266969f79323798246563d70dc55efed32d3891d9b70ee1ab2a16465c8e08aaf757c395ee2af9afa1a3b5b43a6b7f125de9b791dd69f72d69346721d4d76fa57c6ad76151e7bc770c7aca70aea3d0118c578a35c3b72ae7af4cd5cb7beda9866351ecaf2b9872a3e91d1ff690b78554ea1677664520078a62eac3df24577da3fc71d1f5af2d123c4cedb44139d840f5dfc8fc0d7c58fa83b498192bef5a165aadcb05884ec200798c9e0d12a496a8c3547df9a6f89f4ad4a2f36c2ee1b88ba33a4aadb4fa1c1a93ecf69a948504b0c87b9475ddfe35f0e26b9e5307898c528fe306ba9d17e336b7a4b46b15f19215e1a29506d23ea39fd6b08c1c81bd4fae24f0c2aabfefa48d47700103f1acd6d36e21ca86122e70181ebf9d789e95fb4559dac80ea489873966b12e83fe04b9e6bd1340f8e9e18d6a110c1a84168c0e737bb9013e819b02af95a57638d4b3e5b9abab5e5ee843cd92cdbc92400e9229249cf607d8d631f1169d76c2299264901ce254e067f1aedec7c53a4de45bc5d5ac91e7066015c0f519ab1f65d2f5cc5d4496b7d81b3ce41ce3d3dc7d29aa8ad6348d55738a6d2f47bf8a47826912e978688ca38cf70a7354ff00b166552616121eb863b6bacd53c0ba547f3daac9a7cabc96425c11df83d3f0ae6af3c21e20b597ced2ef26beb523255dfeee3b104ff2aae6bad0dd4f532ef34dbb84077818a1eac8c180fae0d5296dfe5c8073deba8b66d66dd4fdaec25403812088807ea464509140e773c4bbcb6493fe714a32d6ccd4e29e17de339eb4e7560d92735d3ddd9413c9840aac7ae3bd317413b49dcad91c55f35f627aea73a791ef4d2a539ad1bcd16fadc33c96e7603f7d1830fd39aa8b96e194fe5537d4d7951137cc39eb4f56217ad12c7df6e0d425b60e724fbd59a2958b6b3ee8f6e734c50c3dc1aaab21dd923835379c76e33814ae3e66cb36c04793b146eebc75ad3b6d525808293c8bb7a7cc702b104c71c1cd0b3301f31c1a5d47cc75cbe2b95d809597dd8d5d8fc416ecc3cd2c13fbcab9c7e15c22c87764f35696f063049ab473c9763d044c80a367e560194fa83565bee87ec466b808f526887049c9cf26afc3af5e6d4559884feeb286fcb34fc87ca75cae1d867a77cd3a5c3600e2b9f4f13f9130125af99091f7d1b0ea7d707823a55bb7d616e9f0404cf4e6a7404b534b68dbc9c564ea92b4618a9c9edef5a49870486cd666a16a6e25c6fd8304e7f0abd0b7b1e57f1199b57b8b4724fee95815e9c9eff8d78f6ad7b25bdf10070a339cf7af76b19bed92979a20fb89560474e4d7cfdf101a4d13c457504ac3c939656f5c9cd6551bd8e2a91ea8cdb8f1484919265396eae3bd73ba96a62ee52632cabdb27ad55d4350b79a4077127e954fcc1b8303f2d63156368cb4d496790c3f3393eb5147e26fb3f0b16ec75cb63355752ba322ed07358c33e664d6e73ce3a9d14daf1be5c88fcaff006739aa8d70fb739eb55ed63dfdead8b73b4e4d2b150d1948091a4ce49fc695c1de3713572da3124a5472477c54d71a5b677039a95a1d1a3d0ac243e5e2aadc23e7755b689a3e08cd491d8c932f2300d2723371b186d92d924d48b1bb752715befa0ac31e492ddce45462cd114e324d4f31ac637d8c62ed1f2a2924b87917249ad6fece9243955cfb54bfd83363734781d48a87237e539e56763de9194b1ef9ae8d349465e073eb43787c37f1edf72334b995c874fa9ce34640c8e6a31953935bd369461046437bd674b62dbb38ad93466e3733da639a3ce60d8cd4b3461588c7355f69ddcd3bea62d6a588db71ce6af8bc1b001d4565ab156e6ac2b2f5cd50e2eccd38272dce706ad2cefd0b1c7d6b19262ad9cf156e3ba0fd4d7445a7b8de86fda5eb23aed9dd08ea4357b87c2df89b6eda3a695abdd319216664ba9a6c92a4e71cd7cf56b2066ce6b72da653b57383ea3a8ab972cb735a56ea7d6d0cd05d5badc5bcf1dcc2dd248db23e87de9eac1466bc0fc15e373e1dbc8a195da5b49580607b1f5af678f505b844911f7452286439ea2b92a7baf43a9496c8d3fb57cfc818a8e6b80bce3ad5532e177679a456f3aa1302ca3232ee6200f7a634c1b80723d692de03773a448ca59982ed26bb2d37e1f2ccab24b745b079802e338ed9a2489924725069f3dfb01002ecc70320edfc4815d9e89e0b8647865bf2ab14654c883ab63b67d0d7410c89a433430471c0b8dbb500fe7504b67737cc19e48e350db86d53b8ff009f5cd73a7d0e2a95144d1babcb56b7315a5b470c40f02350b8aa4b6f7321e7223ebc9e2a2bab8d3f455df7b7b141b79da58173f451cd72dad7c6286cd42d8584ad13706791b0e383d063fad4c53461ed39b73b299ac344884ba84e2104e14104963f41d3ea6b88f137c55b7b332456b249651ae55a775059873f708e9f5ae1e36f1278aa49ded99fcb95be796438ebdb27bfd2b5f4af82b2ea1b25bf3777ce7fe5846bb114fbb31e41f6c574c7956b2307793381d73e20cda95eb45a6583decd237cd717637bb13fe7ae6b4f48fd9f3c41e27c5deb370f6ca4826da21e648477e47cabfad7bf68de0f8f478e3b66d163b38b6e54260a1e3b91d4fd79aea6d2ce2b504db46b6ca792b1920543c47d94b423d9d9dcf17f0cfc23f0df87ae23136861e6520f99752b17fae338fcabda2d6deded550c36f1215500385c9c63a73da965d3a1bcff008f88527ff7c73f9f51f9d4ad0790836808aa00009e80542937adcea8bd2cd1346a637de31c9c9ab0f70657049c62b224bf68e41ce573c8f5abcb32491ee2704d297706ee32e2edbcc65278154266e49c1a9e68cc8dc1a8240d19c13f8d4e84bd0a13c2b71200e0e33eb56d63db36f07693cd46ca5e6cfbd5b31f19279a3c89d46f94cfc8703f0a824555f999fe607a558f99718fc7350cd6ed2484e303bd4b432b36a91ab81d7f0a98c8d7437738159b269aff0068cefe33935aca4470e001f8d6b08a138bdd9104292024d5978c4f11f9c67d3355e497e5c915596fa3f336e5b3eb4d89cac598ec159cb9e4f72689944241e052ac8179c9c1e6a29184c7079c1a3da340a4598e60ab938a8f8979e0533c80c84313489195c007a56729736a0db2551bbe4001f7a75bee5908ce00eb52797f2641e6a0672cac738c7535310b6a54be90adc124f04fad46b099c839c0ef4c6915df6b31eb8ad25b7fb3ae54ee5c6726a9d96e25195ccdbf985bccaa173c73cf4ab16b707cb271b4551ba266ba2474cd5e780b5b1d9c90295c6e2c857520d70571d0f5ab91ccaf9cf359da7d83162ce7073deb442ac6d9c722ab981a5b8a5582e4b2fd296d3e690efe869c009b935615500c0fce8e6338ee40f100d91dbbd24924ab1823f5a95c046c939e695a60cb803205448b4c6411bcabfbcc835435284479e49abeb7243734cbc5f3d4b62aa321c6fd4c6b36db272d915aeb3a29505c67a906b29e1f2d4b02c1b35179cb1b7992124d5bb6c44934cd96daac71ce7bd22f424b1fceb360d45246c938f4ab2acf2313da9688cdd98b70460b67150c1728cd805b8ee6ad4b6de7458271507f65f9706f07bf1cd67748be5ba250eccc402483532ab328ed83d699612b464823f1356a4c60904ee2724e6aae4f2333755ba962b76f2c0693f873d2a869fa9360adca7cc4ff0008c56cac21cb090f553826abff0066c3e607e49ef5b42cd0685ab768b86c1618cd2dc4aa13704660685b730956523039e4d4b2dca30208c93d6a2f66568431b6f84e06d07ae6ab241bdf919e6a49a675380b853eb446ce9f36697320d09199ad72769351ff0068b4d1b075da41ab2cc2e1393f3553784c673c1f5a5cc8b726b6230b9190714b14c2de40ccb9e7bd24d308c066c554f38dc3663e456b07ae863292ea7c816b9908c9e2ae5c796212a1be6f5a4fb208d471504a859b03ad76ca6e4f53a93e65a11c28de667249a2f23756e72454fe5cb6f92dcd44f7265e338fad099527a11c71923247153c0177f3f8d4881562248a882231c9381413cc87c8177647ddaa93296936aa82beb4fbb81644f964c1fad40bfbb2143e4d43666da639d7cb6c823151cc8d20ca104fd6966dfb4800926a8c6b711cc73955cf39ab82bee652938ec5b8d5cfde0335246d9fbeb4cf9a439ddcfad49928b9c8635a4898d4d4ad3e15b8e734f863121040e6992234c739c53a393cb6c670d52f63a232522d5c6fda00a67da0dba64a16f5a9222cc3934d9c91c1e41ac75b9a6855f3fce25b6eda785382c067de956dcb367200a95976a6339ad23e603a0906cc639a477667c1e07bd3220f1f2471ef449234a4e28ea62dea69d9fd9e31e6b364a8c9afba3f66fd3459fc27d3a7091c626dcc191892c09279cf7e84fa66be12b1b7665208c96c0fccd7e8dfc39b7834df87be1fb7b6522ddaca37524104ee1926b9ebf334a2b6348dac699cb333039079aa979850cc71c726b45130d8033f8d665f5bb99894652402c149fbc7d2a231e860d72ea7ca3fb456ab0ffc24d7164bb9ae23983f987b23a83b7f5af02bc9ff00d2885624e79af48f8d976b79e2fbc5883025de5977e772b1382bf81fd2bcb231f39dfc9cf5aef8c2d1b98464e52b32c5c631f3106a8b0406ac5c465d860fd69245455c919342563d44b4232ca1739a667a92734a1d18f231f5a7b2074e050d8ac549181e483555d034d90315a71dabafcc718f7a8258c1932700fb54321bd48c2a05c9cfd29bb03364631568c619718aab323423201ac5dee491dca85e14726b3a6b169324b60fbd6adb8795b791902acfc933608c55456b7345268e763b0f2d4b1c934e56ff0064d6ec91a6dc6455368173f2f07d6b4bbea4f35d94177b3703e5a7ac9b5bd2aef94cbc7af5aad35aed7cd06b2e5193dcbc6b9527155e1d5189c118c1eb534f192318e2a9dc5bbae36826a7a98b489e7bc691b2a79f5ad8d2b502d1e263b8018f98573f6eafbb9520fbd5d5b828706afa58e7514a7cc75306bf2593868588c718dc4647a5759a2fc5bf11e9e6010ea7e5451602db9e6323d08af3459032f344771ba4e0938f7a8e5475a4a47dd7fb38f8a6e7e26cba8dedf8b746d3d76a24018212e1be66c939e07eb5deeab098355bc5f2cc2564db803191b4723ebd7f1af38fd8a6c12dfe1bdf6a5962f71308c92bc8084e7ff433f957a9df4c6eaf2e1a4003976c91edc0fd00ae37752329ca37b1857d70df66909ce154b1e7b0e6b0a3b7b1d6150abdbcc49c00cc15f3f9827f035d06b1195b0be52caa86160cc7d2be3a4f899afc08b2b6af2b1fee6d5e707d71549396c6d4d5d1f4edf7836c861adccb6b2b72c3ef267e879ac8b8f0deaf6e4949ade6fee8498a16f620d791e9dfb42eb764d1bbc36b245b4a98771cb7bb3126bbcf0f7c7bd13588f75e9b3b0b956f9a379ce187b1e94b99ad0ddb51d2e697f68dd59dc18afa358668f191d3f10734cb9bd8f509da470a18f271835d5693e2bd035a8fcdb4bf8a5da7ef2ed9307d38e953dfdadbde46249becf245d03c9b76827d338e6a39b5b90e4a2ce3868b05e36e32b44c3a000106aade783ee4112452432267a33153fad74f75a4adac803396c8c9c0e9fe35cabe8bade9f752dcdb4f05d1c90aa092ecb9e84118e95a73be80aa37b146e34d92cc137113463d546e5fcc715992796d70543700f53c57430f8df5bd3a65fb4d946b101f342d0b293f4ab107c4cd2af9b64d6df6553c1242919cf5c62aaef72d5439f6b7f2f04026a397d7183ef5d4cd2691a9b07b2b9566eac883681f9d5793c357175216b4417000c91b829a519266f17ccae73c492304e2a68547f11c9ad597c357b102f2dbc91ffbd8aa6da6cb1c9f32b27fbc2b656ee26888a6eef8ab11e557248aaf2dbbab64373e951ab49bb0c4d022ea5d1f376b608ab715c6c6c8acf8620ed926b4aced8dc4cb12a97763c0152c4bcc963ba96e1b0090738cd6e59e8f7d751b1f95917a92dd29d6da008e3ddf3799df3d0537c51ad0d1747b62d2c90334fe5300701b2a7afe3427a0efae87837c54f12ddf8775cb83a3cca8f670ac33ab2e5779c9cfb9e473ed5e17af6bd7fae4c5b50759a404e1c2e0ff002aebbc67a84b35d5e3bbeef3a66790939c9cfad70d712191b208eb4495d18c93e6d4c89ad4be4804fbd411daceef8e715b7236d5e48f7a7da1576c9150b41b89cf4d612b4980a4fe1576d34b8a48f3221ddea4915b8600d2ef5c75cd69e95a7cfac6a11db416fe748c79ddc281ee6ab9d13d4e5934c064c4609f5c56ce9de1d33e5a504a8e703bfe35e9d69e0f6b48d2399ede48fab246a7f9d4777a6242e52de3da98e99ae595646dcb6d8e1a4b18961f2c44aaabd001599750804aa8aee26f0f4edf338555f66cd321f03dedf4c0db44aa3aee93a1acbdaebb9a2a528eb63cf24d2e5ba6c22f24f5356e1d365b7401f19ee735ea907c3f78c2a5cc807f7b67515a49f0f34e0a0abc8cddda4f9b159cb10a3b9bc6839bd4f33b4d0c5e5b8624b67a814b1f86615621958e4fad7a92f84ecec63fdd8753df818359efa2b4d31c2ed507a9ae5fac736ccef8d0515648e3ad7c2367bbcddf2071fc3bb8a56d0cbcc42afc99ea6bb75d0c2601ebeb4e934b545c0c9268f6c69ec6fa33854f0ec0b212f12e3b9154eff45576fdd2955aef25b2007239f7aa9736abb70075a7ed993530f15b1e7b71e1df909dd93ef591368726fca26ef6af50934b565c1e7d6aabe971ae703915ac6b7730fabc7a1e597da1b48c0c91b211d4e2b36f34950b955e7d6bd66e74e949e467eb5897de1d69c9236ae3923a56eab993c2a91e517164f1e49aad965ebdabd02ef45552415ce3ae6b9ed4745655678e26207dec76ae98545338aa50f6661acc00c3669c26c1c834d9211b89e783ce453540cf35d2bc8c5f997e1b82ac181abf06a786c9158c24da2943331ce6aaec67556ba84b712ae0e0039c57af7827c61711db5bdab4ca605f9363a83839ec6bc12d6f0a301bf1ef9aeb34fd466544f2e5da721b39ee2871e62e324a5767d4b67b6e70a4f3df9ae9341f0a36a976b18ba16f1e0b3315073ed5e3de01f8890ddea105bdf878e490ed2e002a78e0fb57b369f27daa23e548b2211f791b8a7c9c8ae691a97d4eae3bdd13c32ab6ff0066827ba0a4663894c807a96e83f3ac86bcd4f564296d3c76d60cd8dc490c4e39e951697a3c52bee72cc49c843d09f7355f52f13ac7ab4769105950bac4cf9236b1eb81ed5cb7d4e39549396acd1d32e13c2b742e22dd7522eec23360648e4d457de31d46f15de0b0b7855890ce5892befd7ad6cdbf8796e943dc7faa6048646f98d44de15856ce78e079d36e597f8d99ab9dbbbd0e7a9172773938fc3e35880ddde3fc8ce464fde620f393db9ae9747f012e9f725ed8ac1211b5a5625ce3d327fa574de17d1e3b7d16d7cf84a5de18b6f1f77e63ce0fad6fadbf94991f30f5abbb968c951471b71a24f0bab3486675e418d4d753696ad35ac6e5d81239522adc3b22667cf2462a5578da22508dc7a52b729a3b2d885a4f2e211b30233903de8f347978c0e2b1b57d6a3d39d85c3eddadb7852726acdbdc35c46180c12338cd3b99dcb85c1c10483f5a8e793cc46520f4c139a866b76930c720d047cbcfe343690295ca56f6724d392cf8039e4d6ab0510ed006e1dea9c73625db9cfad5a585e6cf96b9ee6a1c906a11b0c72738aa9772169307a0a97cb7877654e7be4551d4276b6995580f986eebda9290d6e4bc003072697748c09eaaa79e69b697092ae4020f7cd4cd1177c8381deacbe519f6829db26a449d9f24f03d29ebe5c3d7963d69b228ce579079a5742bd88597735041e87a54b2c68f18dd914ff2f0a060f155134e64d19b713187761437a66a8d8c0f25d798509507278adb9adfccc0e292185ed41e171df354f7264934460063c9c0a67969e6020e453e4539c81d7de95632472307de9729cd7b31b2ca57a0e2acc4824507a77cd67dece214666e76826ab695e234bd768445246e83712c410c338e314ad60b5cd9752cd8078aa5784c7b973cd5f598f0719cf5355ef0ae7240cf7cd03d999b6f09924c15ceead5ba94456c89f74850a3df02a2b79bcb3c000fbd3afa553165baf5a99bba2e33b331f96933d39adcb38235b7c973bb19158c8c86604939278ad8da78e08fad385ac5735ddc82690842a00c935179076e59b1ebcd589539c934c93e65f51dead99ca3adc84bf96301aa9dc6a2d6c40562727357268c1209ce2aa5c5aa4f838c7bd45b502d0bbf3230e483eb53412194e0707d4d664307d9c15662726b46d2331e0f63dcd5d9089da1f9f27f4a91b6b45b413c734f65dd924d32251939c9cd4df52b94cabc2a0ed079eb548e246c11c55ed46dcb4e70703ad5008eafcfad5b8df5351dfd9e5a41e58da2b5fc911c1c1c362a0b57270319ab8d6b21e38048cf5a89e864e29b23877ba10c719ef9a91a331a61be6a8f125b360a6f39ea2a2bcd40a300703eb5972dcae83e46da73d052c57419c28ee7a9a87cef3972d8c5466e2159001c1f5a6d0a2f94baebb9b9ef4ee635e064d4324a7682bce698d7a22e1a9c5db6225dcb2239246cb1d83deabf90031e792724d39afbcc8f7b1c01c540d74acdf2b026b6df739a53b3b587dd2395ce703b135813ead2c7766143bc8ea477abfac493490e519893d8565697a7cd1ca646c82dea6b371ec5d9b5746f4124bf23b284ddce33524a5e56f93f1a96465f2d72d96c55732b28e8739eb5cfaa66d1b31b358c8ca598f1e9548294c853835a6d249b3248dbef4dcac8bd173eb5d509463b9324adab3e3c9676b8f9b71c54904395dd900fbd322982fde029925c2ac98ddc13eb5dd28f447439c16c4b25c614e79aab1c5ba6dc4719cd5b6877a83b862a3dc01c03cd424e266da624ec7a11c545e48287e6a7cf2989307e62c6ab492384c8ebef557666df62066da483d2a151f3ef1ce2a7646bbe490a6ab6d36ec533d4f7ad559a39a5269969e61e58209fad35e44906339353dbc5118fe7e69f0c710738506a4da3ef2282abf9985c9a9a4568d413c9abaca13254006aa9569db2c71f5a4df541ca47b9e400a800d48f08dbb881bfd699e4c8251b48c0ab4d1965e4e2b1f68572b5b15d6e44631dea2175e6310c6a59add1981cd5696dd77860e6b68da43e67d4bf0344410e7f5a8e4da8df2f350709819dd522ee23d3dcd5b487ccc76e32b60b629d1a6d9339fce816ed18de4839a72c065f989c7359f51ad59d3781eda3d53c51a55ac982925dc4ac3ae5778cd7e8b5bdb9b2d36d2103091c4aa0761dc0fd6be09f82fa3bea1f11fc3d0c518919ae9490491800824f1debefdd51995a408e701881df8cd15ad1b23695a10f322590aa1618ce2b075ebe36b6f713a0dde5c2cc40eb9ad883ee12c7eb9ae67c7530b1f0fdc3ef51e63280c3d01c9fd38ae57bad4e2e67267c4fe3dbe6bbf136ad2cee1a57932463a579d34245c3127a9aeb7c6570b7de26d4ef70ca92ccdb54f65edf8d73b2c62462578af4b9b42611b4aec6f9636fcdf9d57ba50bc834f2cf19c6722a1999b9239cd64d9df1995669871818353c0e4af5e6aabc6dbb2c307353c3f22e5bad00e4c827ba9524f989c52472195f24d2b209a6c9f5ef5335b95231c67bd435a98f5d41ee121c64e4d31c1bb5c83802926b3dab92f93d6a38e5d99f9aa597e62248636da0e00a956e1776588c9aa973307e9c1ef4c82167ea79f7a7704fb966660cd91d4d3c6c550ddfa9a6980aae58f34d8e1f38f2c452295af7092e0337032475a6332f56eb531d3bca04ab67355a48fe6c13cd352d4dddac271d71c505438c81522c785f9a9ce5554915573165161b5f348d079c72302ac6f560411f8d1080738cd2e6114e491b694fd69f6f0858dd9c92369271d6a77b72cc58f22a78951629377f74e327bd1cda9499f777ec976b2da7c1ab2dc561fb4cad20258608ce39fcb35dd488f35c48f8243396fd6b9cfd9d6cc69ff05b411345fbd6cc8c0770d922ba759245cef52add4afa56557439b96f2b987e296587c37aabb968cf92c030ebd0922bf3eb50d4248d542ed29cf3ce7a9afbf3e266b474cf87fabcaf90ab1c8d8f5f97a57e795cb31566ce4166238e9cd5525eeb66ea7caec4373ab332e189fcea2d3ef36b1e9cfa8cd549245e73c9f7a822bc10b640ac6def06eee74dfda03a891e23dcab6335d37877e24eafa1652d35268a33d7ccc30fc01c8af3b3706e06718151cedb9403822b7e556b18d7bdee8f7fd37f693d42c0a45a808efa00725d14071fd0fe9f5aefec7f680f095fe37ddb2b375516ee08fc71b6be3f85d501c607ad59b7bc24e03fcbe9dab9fd9b8bd0ca3368fbcbc35e36d1b5d8375aea4b730c9f205752b9e39e1883dfb558d4342d075839ba104be5e005f3829507d4f071f8d7c2d6dae4ba6b036fbb7b705b77415db7853e26eb5a082f1dec6207397b791728d9ee7be7f1ad795a3aa377aa3e9dbaf87565061f4eb892df730609236e43fee9ff00ebd5f8747d474fb732948e5007cc217dcdf5c578de8bfb41dfdac6eef6b0cc8570be4c9b403eb839aebb47fda0f4cbbb54fed2b7bd595bef38442a3e872091f8565ec657b9d2a5289d8497134c9978d877e462aaadee9f23e2e9d82eec128a5b07f0e6ae697e2cf0ff008825516f7e9348ea5bc9de0b81df3cd6a4fa4d85e3f3636cc8391b06d63f8839aa7ee6e47b677b1cabd8c6f2318e40d1ee3b5b9e9dbad453e966461b1d48f715bcfe16322c8629da15552552452ccc7d33c5633d9dedbcea5d5a3894fae7755dd1bc6527b2134fd0e5bcb91099561500b348c33c640e3df9aebecf468b4c8f65b2b6dfe27639663ea4d278774e86fac52e583a4a5d9473805477c56c346df701cfbd356b84d942691843f21c1cf5af13fda1bc50f0dadae890362e59fcd966079518238f4ea7f2af739a35b50649582a282c589e95f37fc40d2e2bad2f57d6ef5a537793e4966c019381db9e0d1646716f98f06d7ae3646d1ef66e3a16c9ae656f0a02589adcd5a33712ee6c86603358c6c59a4e99153291ad49751f15c89bbfe26b42de321739396e071d6afe81e1f17d200b0a93eac71935eb1e0ef0535d3e5d6048d30194aee24fb1ac6a5451571535299c0f84fe1feb1e21bd8d25824b4b563b9a671d16bddf49f863a7e8fa7ac50ac97370d8632375fc2b5b44f0ec7a7cd104f9bae39e2bd1bc2ba4c2d74cd74be76dc6d5c90327bd7992c4739e9468f26e79737c3bb8986e134d08eea62e9547fe10436f21e1ee4fa91fd2be8c934b490e5408463eea9247ea6b96d774948b54dc833b94331db8c1e95cb2a8ec6ae945b4cf2687c0704a43dce428e910041ab8de178e35fddaec551d0d76f7d0a8e00e7a9354242021c8ce2b89d568f4211d2c720ba4067e72314ad62910c91cd6add44ec4e0f06aa796cc3922b394e4cde3051325ec8cbc9031542e2d5564e5715bb342ebce6a9cb093f787d6a233d75264b5d0cb16abbbfc6a07b53bba679ad09485380714f8a30064f35b7b419857564ce73b45519f4e69b851922ba97b5dd923a55092dd9243b6b5552e12b339d3625787c83ef4ab62b20e5467d6ba25b366cb30527dea9cc563382064d573ea62ec73f3d9ee6c6d154af34dc82718f5ae824b725b7e4557990b360d74f3e84a89c3df693d4e727bf158977a788faf7aefefadf6e48fc6b9fbeb5ea4a926b7a73d4e5ad494b5382d6bc3bfda49bd1962655273b7935c24b0c91bb02082a4835ebd7509e78c571faf588670db7007538aef855d6c79352366718188ea69eb29ee6a7bd8444d8aabe59639aef8bd2e72b64ea77b020f35b3617061c6e27f3ac58d4a1049ad04712c7c75ad53d4353afd275a31de5bbab61830c1cf4afa33e0cf88bceb7bbd31d999953ce527d33cf3f5c57cada74a9060b9390739af70f823a95caf8895e189e5b796070f28076a2e4739fa803f1adaa35ca61cd28cb43e99d2f6ed573d4106bcd7c70ab63e3416e8ed1f9d2a3ab83f74b1c67f3cd7a178459ee2c19e61b59a42403e95c77c4eb58efbc51336007b7440acbc018c1ff1af364d6c8b91ecd1431da595b4299c242a39eb9e735521bcfde3a60019aceb7b896e638701829894a83d40c52af99e795e77572a566436e4ac755a7cf1f924b9e075c7352bea907dc4dcdf874ae62349e652aae50fa827f5ad2d1b4c7b2599ee6e7ed72498c1e46dfceaf61c569a972498b938c8069f1b111e3350249b99813b467bd4d1ed6c9dd91ec68e757264ca1a95ac7758dc0165e9915359c6eaa0134ab0b0663d467afad3f0e8ea41e33935a25d48bdcb2ab9182ff9d218fa9dc1a9b2b9fbc39f5aa0d7e167c03cf7ace56ea1f0963cbf2e4271d6a786f1a16ca71eb42e2650c0e69af095c939a9e54c77d09279da46ce7af5a865659301d430f423ad3c2068d493c9eb4c910a8e4d271b6c24c85b100fdda28fc29ad72cc7711803ae2a45898b6739a7cd6aa632a49fc0d3d51aa919d25e335d00bc8c7cd9ad1b6973dc550b4d3c43765dbe75c720d683a88d7000152672b84cc1f39342ccdd01cfd4d44a859b25aac08e3dc09ebf5eb57b1116ee55918f99d7927d6924dd32ec276d4b2b46b260020fad413c6f20fbc47bd4df52a4da1cbfbb6dac7eef43eb435c334c73d0fa0a625b954043b12073b8d363dd1bef24fe75b73231bea4e4c3246c24843e783b89c1aa76ba35a4139991648dcf0007f931f4357564de3fc6a368c93904fe759f33b9add8b25d9b75200ce39cd727af5f7dada585dd995db71466c8f6fc2ba9954ec60ffc4319ac39b4949a7cbfcdcd1d6e53572ce836a2d6d55725d48c8ff67daac6a1b4639fc09ad0d3ed45bc0b94c71804fa5636bb2aa4bcb6d0b572b33298eb250670c7a839ae8a49bce41b79fad721a7dd0924cf9838393cf35d42b88fbe00eb9a94ac5c656457bd90c6bea6a0898ba1cf04d49719924ce722a4566d810e368e9416b9a4298d5d013c9a50aad1ec23df3532282bd31ef4b2144886e2aa3d49a5cc3b1436a86e40cfbd3cbb15e980291a4134d80c31eb526308c01ce7bd3b9246b771c28cf23f0a334db5d485cb7eeb9c9e9eb589a94734927cb9da7ad6c787f4d58e2133e15876356adbb21cecec4d75279abc8c1ee6b367fdd0ceecd68dca1cb05191545d0eef9c1fa558b99956df52dae10865666c06adb85a6e096c8fad625c2a96c8c28539e6adc375270339aca6dbd84e45fb891f04907eb589772c935c28d9903f8aba28e4592ccc6d8dec3ad538ed707dc9ac69cb74ca8de524456b6c5c00e4818a27b058d376496cd6835b94039cd47342cb1e49c927a56dcbd4d652b329dab164248c01eb48d6c924a1c838279cd4aa0aae1ba53573d4b639eb5568a3995db27686331918da0d5158103e42f43d6b4a3f2cae259383ed4d58c3e401d3bd637d7435e4525a94aea12c06dc71eb4469b97e7c66adcd6a64914eec28ea33d6a1b88401f211efcf35a29293b182bc5d862a8671cd36fdc451823f4a58933cb76a26915be5229ca25799143bee22390c6a093ce8739047d6a64bc96de6da080a6a3d52f4363279f5a5b6e73ce2dea7c5b2dc49b707a8ef552e6e5801f37e35d1cb1a3fca403591add808a0dcbc9f4aeebf2b34928d45eeb0b7d48c96bf21ce3be69915c31ce4d51b03b232bb7073cd4f248b0fd4d6c92bdc88de2ac6b5a61f9739a9af9c6cc0154acae3cc201e2acde46248f83c8e69bb170bdca4a5d5f39c0a8aee40586339a779ceb91b724546aeb23fce3073de93b246725ef162ddf72e0826ae4722a8240c531634419439a72a6e1ef58732b9dca2e3b104970cb2920e41eb4d5b8f31f0b9abab188c104024d578e2f2652d8ce7ad52687cbdc9914c9d1b1448a5b80734e0c8e09e86a0497cb948ea2a795161242ea32d4ab12342c5c738e0d4bcc9c9a76fca1040a3621c7b19ea3e5dc3b53fed3c60819ab0235c1c0eb559eddf248c628e6667d752649cb7de3c54fb8edc806b3235669318cf35b107dd507f2a690e2a57f23ddff641d361d5bc7d757172acdf64846cc7405ba9e7bf6afb0af3196739e4e702be70fd8d74b8ede1d5f5073b7370a8c323031c83ea3a9afa366957cd20648eb9ac2a4b9a5635aefdd444423c5845c679626bcdfe356a0ba7f84c46d22c7e6396491cfcab200719fc8d7a234c63cfca4d7887ed357e7fe118b7b68b0097172db8f40b95fd777e94e299e77335b9f256bac642ce492ecc589f535cfb4ce809c9addd6e74df927e5238358523861c1e2bab98ead085669659327a67ad4b70c368c1c1a9c4f188b61007bd54b9c05c83efcd4f42ee209415c38cfbd44c597ee9e0d28ba564f434d66ddc8eb4094911323ee0412294c93ab0c9056a50c644271c8a66fc72c0d0c6f524672e9826aac9194e71d6a569463207e751ef694f20d4b2d0d1089393f2d20528fc1efeb53af96ca770c114d58c3b641e054adc18d690ee009ab6916d1b891cd57791633f372686b8122825b02995cba12cf26d1c1cd6796632e73560caadc039a55403e6c726980d24b704547b18bf278a7ccf9e94cda4007348074eabb46063de922424633f8d4854bc7d2a02ef1fcc0640a9771d8998ba29006ea8a51e742403b492a3f515325c6f03839a9e2b5f32489b04b8752b8f5cd38ddb049b763f45be19dab69bf0bfc3b6ec02f97681891d0920126b4198cc4d5df0bfd8a3f00e8f2c05dad9ec55a3597ef042a0018f5e6a9c8555484e82b0a8f5d4c795c24711f1a265b5f86bac35c0051a090ae067e7230a3f3af8326b369a0c10d1e7272472324d7db5f1f2f641f0d6e2223e49265de49e801047eb8fcebe33bcba8d815031b0ed3f5ada93d2c8d25172f78e5e6d3fca73cef1eb4c7b18c4658f5eb5ab7122b29ef545a40c3157a94a565629303b70a38a601e61c13cfbd4ccff003e3bd2b47b3e66148ce4db294d0c880e0f068855c8e0e3156640d70700f029f6d085241a119d8843b16c649356a3775ea78ee295a1f29f2003479819b918a1b378b512cff68cf06d1190a3b8f5ad5b6f123c681039c9f7ac67911874cd535ff5d90a40cd7445dd1d2a57d8ea5b5c9d5d1a095eddd4e43c6db5bf4ae8bc3de32d6745daf69aa5c23774ddb94f3e87a7e15c1aabcb8c67eb5ab63bd58679fc6b394536118a8cae7d71f007c5da97c42d5af6db5058cfd92df72941f78923963fe15dff008aacc23aa01b4e30d9fef7ff00aabccff633b3f3bfb76ed9b73790b1119ef9ce7e95ec3f109c48d047858a4591774806320ae39fc2b2715cda1ba97529e9689e54690e76a285abed66e06ec679a9ac6ce0b677fb347e546c73b7716c9f5e6ae87d872d8fc6aa295f5225aeace7f56d29af2dcc2e090e46541ebce715f377ed3fa9289ed7458432bdba89598b7dece401f41cd7d5370a9295623201c95cd7c99fb58bac1e33b45d8e19a1c34846159771e07b824e7ea2a795b7633bf63e7d6df24bf39c93c9cd69e9da7acf2a861d4d476b6eb7171c83c9ed5d5695a62a32920f0735cf376d0cddde86b683a1137112aae1370c902bd63c3ba4b42d218d0ac7c753c9ac1f0bd9ee8567fe16e14d7a47872d0b2e5ba7b578d88abd0f5f0b479b734b41d37ed1321da3772793d315da69f67e4c88d8000604d6469f6ab6edbd0939eb9adc49f62e6bcee7d4f4251e5d0d59a41bb701915cb6b5706e2f2590e003c003b0156f50d50983683df27deb9bbebf0cc72707dcd294ae1157d0af76773119aa4f1eee2965b812f43f8d37cd38f7ae5676c5d8cfb88fe6c5569ad4326ec8f5abd346ee72483555f2a08fce95fa1667184b739aad3ae321ab51f605c9e2b3a625db38c8a64b665b5a195c9e953476e9b793cd692a8d9c81551d02b722a93466d8c741e5e41154e5014648e6adc841e45453a064c9354519171332e48359f21129f9ba9ad89a042324d52b85897385e7d6a96e4dae51913cb1c9aab32827356a45793bd45346fb78ed5d69e868a3a19372eacfb719aa37509939db57a67db2127a8aa77374482056b16734b739dbe876b1ac3bbb23700a36083daba4bbfde673c9acf685836e0335d51933cfab0b9e6be2cd15ac595c27cac3391dab970c7773d2bda6eece2b88d84e818118c1af28d5ac45bdd4aab80a18e2bd2a552e8f32a452651321515734f2f3c8aa88cec4e02a8249aa7e58070c6b6f42ba8f4f984e46e2bc8aeb8caeccac75be19f05df6b122b368f752c6a792f190b9fad7d13f0bb4196c74b8f4d48963b88c3001fe5f949dc726b90f84778358b68ace363179acd2120f2477af67f0f69a6c6ecba02548232c7e62718e69d47a5996ac74da45b5c47619033e5b6d6dbcf3806b8ff185b4b2eaf7938199182865e986039af40d1ee1edd5c0240660e707b81d6b92f175b0b9f15dcb3968a092485a50bc36dda0115c5b339657dcefb4d6591106dc011a1c1fa545226db87da7037123d854b62c5a6739e07ca3e83a5413c65af7764edf5f4acecf7263a6a4f6714a97aaeec3cbda411efc56aa83bf20e735956f708b32a31cb138ad2f31d6e0041953557561ad74164876b066e99a9a1854f2060536eade4963c8383d7ad548a3b9b4b9c19cb467965072a7f3a5d4144bd346c0123355e352d27cc7f5ab665509839c9f7aade70f3b1b78f5cd3bb42f75326650530bc1f5aa1f63492625aaf609c914cf2fe6249c9279a14b5d41dba0e897c9c1e71ea69b797d0db2a3cce14336d5f526a7998b47b726b0eef4d92eb50569033c48a30a07039cff00855c7de666a377666e3658fddc5413296ea6af41998ee3c9ce4d46eaaec4e08fad277896e2915ede339cb1c7ad1375241e07ad4aca7231f8d42ebbcb027a5437715911a150724f39a59df0ea493c546ee10e31cfad4a8acd1067c64fa54598c6962790393597a8c9a95bdc23c36a26403739dc0803d78ad991772fca08229d1e06093924d559b22c919b6b335e46b2328563e9d2ae2c4eed534b02c792a02f39c018155967995c92709fce9d99a5949682ed21b07f1a5684376c1aaf7131c17c9c53b4e9cca7e6c9f735267ca39d59493d40e6a0333c8411900d5e9dfef7a3556443baa92b8af62a5e492e79071505834b25c61d729eb56ef656126c5c11dcd4d6301505f70e94e3b9a266848fb615eb5ca78811a619ec2b7e6b87811892483c9c9ac2b8b84bb7249c8cd6ba3d41c53dcc5b5d11e7955c4a17241236f51e99aed9b0b92edf2939aa7602218023e4fa5599a2941cf054f6f4a4c96afa08ad1842e245c03524aeae808383d722aae1235dc475e4e6b3eeaf1b7855f9466b3d6f62d7ba8dcf314c582493eb55bc96bbca331c75a8ad59da3009e2a778ca8ca3633ef45d264733b8c8ec4c39c6462acc71eee3f3a72dc7cab9f99875a9259155738009e6aae8774559ed9639949c54aca5863381559e6324cadfdd3eb53b48e72dc6297514a2302b2e7938f5349e4a4d921b247ad02eb20822886e074c633d69dcc96acc9d42d5db240e075a82d1f63024f35a7a9b068f838fc6b17959393dfbd294922a50d4e8ad36bf2ec73d7ad5d08319ddc5625a4e5f1cf4ad48f7c8b8ce2b1b5ddca4b97a92382ca483c8aafb5f04b9ef448eea7686c1ef502c8caf8639079aaf7862cd09760413c7bd45c87e723eb5a11aac8bbbcc5dde99ac6d5ef4db36cc64f734f5b93a742ecd2ec0aa369e793e953dbdc18d598b609e2b06cee3cc6237e4f5c135763ba12657a914f6b932938a2df9826cb86c8f5a82462bdf273dea4b67693282018eedbaabdf2b46f574e2d3b985dc95c99242f9c9c7bd302a2b86c92734b63875cbf269d71236d6558d72a7839ea2ba9ad0517aea4b343149b580c71cf3599359c174c4197041e99ab0b7cd261597da91ad4ca370183eb5cd24fa9a7c52b23e4dfb0bc992a3711e9cd665fdac9b70ca79afd01f117c08f075e47b1f4458095c7996ec5587bf1c7e60d711a87ec9fe14bf2648a6bdb4e78218647d3835d3cb75a3239634de8cf877ec52c721ca919a8a4b5691f9ddd6beb0d7ff006499964234ef104423e8a9771ee6cfbb0038fc2b8dbffd95bc716922986dadb528d8e0b5a4a001ff007d91fcaaf999b5250a8ed73c10412acab8271deb616ddb60392735d77883e14f88fc3618df68f73190c7e7d876e3ebc83f5cd73cd657768333c324391901d48c8f5ad39b4d0bb28bd0ce2813271cd44b089092455e6b57964ea0e7938344b66238f6853bbd6b172e82d2e5589b68229cb36d6273c77a63c1229e0114e8ed5db971d6a6dd4e827f3030241cd57f399a4c6303352798200415c522c91852c739a6b52dd87480a804722831064c8186f7a81679246f97269eed286c9247b550b9532cc121d8438aa7752c9b8ed1c54f192464b557b8981ce0e698e49226b76f972e706a458f713e9eb59f1ca7bf3f5ab1f692cb81d6831b26ee4e6211be0107deacdaae6419fccd508d9da4193d0f7ad5b7eec79e31f9f15715765ab1f65fec7fa2bb7c35d42e5a021e4ba20cadc1380bf9d7b24d6ed1fcc7a1eb5c6fc05d363d27e16e90d1798ab7111762eb8218939e9ee07e15d8b5e3336d20b1cf3cd73cd5e4ec655a4b66579cca5090991eb5f36fed53a9330d3eca372ad18c4c8bd02b10013ef907f3afa5ee9cab47b810a581fad7c73fb466b122f8b753b66cc8cd3236ee795c0207d056f4b5763824afa23c3f54469a56c80116b1a68f120da6afde5f3b48c0af19aa6e4b367a1ad25b9b453b035b63049a2e22cc3927353ac89b30e79f7a6cb1bccb8404e2a6ecd558cc8e42adb4a8c7ad5c5543839a468c42a7783b8d44637dbbb24034db3349264934801f969a3f78b9c67eb5088e40d9049c9abf1584f2aeec607bd27a1bad4a676af2695489b8031514e8f1c841fc69f1b00c3079a8917d48e7b67538249cf7a4896487a8ce6acdccc5064f26abb5c100922b35718db85323038aab32b676e4d39ee59a4e4e054918123039a7a8efd08205689fe604d5999cb0e09156b0026719f7aaf3723a714f98762ba96dd93c8a79901edfad356419233523ec31e41e695d098f499bb038a6bbb67900834f833b393914d9e4f9781cd3045ab38d0f2d815b7a7c48f7f67ead32ae7eb5ca4324eed8e7ad75de06437de2ed0ed26198e4ba4054f7f987e3de9ad1dcb8dee7e925edb0d3fc27688a8005b5b78c051f7795ff0003f9d73b23395ce322ba9d6bf79a7dbc65f726c427b74ce2b05f6c1c282d919cd71c9f564df53c6ff69467ff0085771aa809134d976ee5b9da3d87cb5f195ee5705b8ddc9fad7d7bfb576a263f09d941b98493ccbfbbce7850483fad7c91acdb962581c735d145bb1af432249b8c76aaa18063c75a9a488a8c127350471bbbe73902b477326870dbbb793cfbd3da55907506a39e1671c024d3a3b128a189209f5a46647e5019218834b148464e0b7bd49710ee0304e6a7b68446992793d68b872ea56f30b024823eb4265b922a49f25f23a5064023c77a9dc762179b6b6179353447cd6f9862a9baf96fce4e4d68c40140c3ad689d91bc5245c86038f979abb6eaeac0639355ac18ed3cf35a56fba46c670deb571d59aa3eb1fd8a6cda4d135e77dde67cb16d1d8804e0fbf35ea1e32862d4354bbb70c5a28dd543e792428c8fc0d79bfec70b243e14f114caedc5d2aab9fe21b7939af4af102a49aa48c082ea724fab1e4d672769b324ddd972c86e8948ec00e2a66c67e63552c27da9b4e39ab2bf31258647ad068e4dec30aa86cf519ee7ad7cadfb5f69f32f8a7489180fb3babb44c083924aeefe95f534df283b4e4d780fed6da2cf75a2f877520008e299a26e3e6e991f8706a79dc58a2fded4f9bb41b06b8be48c9c027a9af43b4f0fba800ed63ec315c8f876d5d7548b9ea78fcebd7ec2cdeea50a142963d315c35e474c629b26f0ed918ed6181d769427a1cf7aef341536fbd49c86c75ed597a6e9b1c215482c41c966eb5d35bc70993e5217bf35e1546ae7a74fddd8d7b60e70411cfad3afa42a8403c8f7a8e29976e17208aaf71236082739ef5cd63772455b8ba755201c9358f70c5db2473deb42460c48248aa726013f3039a249a1c256654dc377071eb43dcaa1193c523a02fc7273cd2c96d95cb0fae6b2713aa2d085bcde54f06a092320907bd260ab120f1f5a8e4ba00f3d7d6b3946c5e9729dd831b63ad541966abd33191893cd55dc01249a85729dada0d932abd6aa492176000cd599584a3d07bd56dc11b81f8d69a1972dc4642c41c524b1607356b7fc991546ee472092702a921942f15403c9cd6671b8efe6b4649c30209c9f7acbba254923a55c77d494b5239a4512633c524ec19729d6abcac4be4d46f3edc9cd6c6a52bac3e78c35674f0858c9079ad092e448cd9aaacbe6120115a464ee66d1893c67249355d9c1c8ef5a6d6bf783119aa1736ad1e79aec89c551ad8cbd40b0427f1e6bcd35cb3692f2693076eeaf51b8b73246493935c86bb6e54302b806bd1a363cdab1ea704e986c9a9ad9be6c1e87ad25dc6cb2b7a536071bc64f7e6bb22ed2b9c6f63d63e1578825b0d7b4c456658cbf9248f735f5ee8ac4dbdb19b1f689092d83d79e3f4af8c7e19b799afe965080cb7b19cfbe6bec7d1e5dba94320e91b2b7e95b54b339d45dee775a4c313499640c07507a1ae5be213c09ac2bc4bb049080c40e1b040ce3d715bba6ea1ba495155976e0963d1baf4ac0f1920b8b84de7a46bb73fef9ae06b50574764b188ee9c210003803e950488d25e6c5232d9efed9ab774c21b87dc06371e7d2b2ee982dd46d14ac4e4313e873d2a14b5265b5858f4d326a504d25c342b0c8b21455cf9983d339e2b7f70186e3eb59dbc16042fd79ab525c431c60c8c00ec3d6adee6317dc99efb031cfd6990ee909624b7d69b637105c47bd10edc9521c7208a9368131038cf38a5d47293b8d9d8ab649aa13de797247b06f2cc01e7a0f5ad692708a536a9c8c1c8acd7b15f3964c0007f0d5b5d4ce52bb352100a641ce6a10c5a4231c83490cc231f31daa3bd4b0b2bc9919f5cd4a571aec2b970d939f7a45cb487dead493232e07240e49aa91cd87c9e954b429bb1615d901238a8cccc7ad44b31673ce79f5a7960c78193de86c69b657bfd5974ff27cdc932b15403b91d6a68a41711f980fdee41aaf7d68d7d18dca3e524ab1e4afd292c2d5ed22daee5cf5c918a4accd14513be1860e38a23e983cd4cb1a3a31072c7ad41e6185b25481ea69838f61dbbf798183cf34e9226dcac84f1cf34aca1807539279a6c8b2ba92481eddeac8e51b34a586370c9a8244dcb8639a5893e621f3d6ac2c5ea38f5a645ac625e47230f95d87b559d364f2d70ff9d59bc80139cd42b1e067359daecad51235e066c377351cf74b1e33c7f5a92789522de412d585aa09276055d976e4fd6ab90cec5cf33cc94e4f535a300180031f7ac2d1f7cccc6473c71826b6d008db21bf5a9e52e5b0dbb8fe56c64eeeb9accf2a38b3fc4c4f5ad0d425df1291d33d7359459cc87209a57684af634ac5bf7aa4600ee6b577ab0c31cd6658f3cd5e753827a1aab957655ba8803d7e51d6a28ece1b8604fccdd47b53f716721866a312982623a5417cc4ad6ae8c769e075a976314c9393491dc19324f39a63486363904549026e08c4922ad5bcb1ca859c679c735cc5d6ab3b6a42231aac2640b9c9c85f5adeb5d8c9f29273d6895a3b89dc9e0d8b70d8c6c3d33da889c3b49191823bfad3675306197f8bde9f0aaa9de70c4f5e6ad6aae4aa9caf52b35ae149079cd47e5ed524b608ed57ae1d1402780dfa5437020283aee3dc9aad3a93ccae60ea76f713664539c7bd6521b8ddf38c815d67da05ba11d4566dc2a396751c93934b96e6fbaba295acd22bf20807deb7adaea4f973838f5ac06df1b0abf6733bb02c3033d688ab6e4b34eefcd98ee55cfa8a468c79484aede73c54cb361001823d69ac45c2900e31d7352e5a99f33207904638033ef59f756a2eb2ec4e4f6abb33a8701ff1a48f63b7147991cfcacccb5d1e38d8ca5887ce3f0ab70c0b19dc2ae34217dea1287b8ef57af509c94f725fb62aae41c1ee6a392e56e0608c9f7a8258bcc39e40a9235551f2e41f7abdc98dd682a29886e27a1cd3649dee72480ac3d28699b90fc014343f2e41f7eb5a293138a6548d5d64ee4d6a5ac3232658d450e464934e17123920718353392dd9bd3496e7d257bf3307de991c0c9e6a8b422e1d432ae58e09f5ae5f4bf1c693ab488915fc3212c00084b73f4038ad99bc41696e7635c2abaf38638c7bd6892bdd1e77329bba2f49e1fb692e33f779e7bd4371e1f45c18b803ef73532eaf16fcf98a73dc3039a9cea8acbc3654f35ab8b6545a4cc8934396e372f985c37f0c98619fc6b9dd5be1fc57122cb7da759dd6c25a27994391c63b74aef6dae219865a4dade99a75c626fe2e3d6b1778bd0df9bccf10d63e07f85b5ada6e3c3b6b1956ceeb6529ff00a091fe4571bab7ecbbe1abc90fd9a7bdb17e7694dbb17ea3a9fcebe9e8ad63e8c46da864d3eda4565cfcc39e4f5a56d6e5c7922ae7c67ac7ec93ab6f32697ae595c8c92c972ac8ded8f73c715cade7ecebe37b58c98f441785491ba19979f7009afb826f0ef992311c0cfad0da0c71e1b736f1449db42a35db763f38f56f87fe20d36664bbd12fa275e5818f38fcab9f9b4e96d5f1730c9064f4914ad7e9adc69d2481a3719561c8619cd646bbe15b0b8b545bad2acee235e712c41b19e6b68dadb1729c52bb3f392155dd88cafe069b77132e72324d7ddfaf7c0af07ebd096b8d0e2b794ae37db92bfa66b82d4bf64bd06fa4792c355beb17ecb36258c1fd0e3ea6afddb5ca8c94b667c870c2f202338fad33ece619791915f4a6a5fb22eacb70ab69aed9dd1dd83e64453f96735c6eb9fb3878d34f57f2eca0b8453c3248327fe024e688a52ea5fccf1cb945de0838cf5a8e346dd9e7eb5d7eb1f0d7c4ba0a192ff47bb44fef881b1f9d60ac453878da327a8752314add87b941de40d902b63456966b8b6b78e369669e658955464b313c01ef50c76eacc724363d0d751e07b18ef7c5fa15b80dbe5be8d5760cb03bba81570df51af7753f42fc37a78d1fc27a65a2c0d108edd77267386eff00ad363902333e0127d6b677e2d6185c9c2c6abf31e4f19ff3f4aa52c0ab9da062b82d76d9854e59ea65dd0f319a5776014160b9e3819af8b7e326a326abe28967b908278e31132a74539247e95f676a170890dc00c11c27078e3915f09fc4ad524bff00166ad248ead209a456da30a70d8523f015d34559b6671b5eccf3bbf4dd2161eb5459b1d4e2ae5e5c6e6233cd645d12dc1fe756ddd9be8598c095c739ad4b7616a32d58768ef1f39fceac35d3363736455684a767a976fa7127200aacc4bc79ef55a66dc7e56fd69d1c8ccb8279a718dc87157ba268480db89e94ff00ed62cc515b007515046bb5493c9354d931217079cd549686b1d875d4c5e424e4555fb4299300906ad4b2285f9f1554aa13b86335cf722da93dc4a4c7f7b2696d899386e9512c9ea3352339edc5162c26b743d0e4d3ad50c7d4669a381b89c9cd5b89caa6e38a760bd871f9d3b0aabe5969319c0a8e6b991a4ca8c0a96225b2c4f35163557b95ae610af91d6aaee7f33041c77ad5dc242723350c9b40e98a6548740519719e68652adbb155933bf20d5acbedc9a4c9046cb03c0af44f8316e2f3e297860302fb6e0b1031938526bcdb61f337135ebbfb34e9b3ea1f19bc3fe573e43f9a4e7851fe48a16c1a9f7cf88ad5edec92439f2d9951724139c74faff8d73b36550f15d1ebfa834d26c902a056c8e3192062b99bc6690e474f5ac2d712944f9dff006b7b9916cf4c2c7eeb97c1ee08e39f5fe95f315d5cbc8ff31cfad7d1ff00b5a5ceed4f41b62d26562de5091b3938e475cff435f365f46c929da78cd75c12e4358bbabb336f186ec0e4d42903a80c0e2ad4d011f393cd3572cc3e6e6876b04875bf1282dc91525fb838c7434302832298ce5c648e2a0e6b5991c78e093f9d59f976640e69915b198e4702aeac41576b6286599670e48a864daae075ad09a05c920d53900df8c73eb5052b08d1798b90b52c51944cb74a48ee02e45287791860f14ee51a564a0fcc2b42dd9124c938f5aad6b1fca38e7bd68431a6e19ea6aa2cd7a1f5dfec96cd6bf0def4326034e595ff00bc09aee7c4595be1e5e471961ea4f35c87ec9b1ab7c2fbc959c9692e8e4374503038fad75dad4dbaf2590fcaacff00267d0600ace5672b91177ba2d59db318d5d8f27935a9c794338cd53d2f2f0a1dd95619c9ab53ae3ae4b569d0d146e45243bbe6070735e67fb48e9bf6df85ef7073badee630bee4b60fe86bd4e44f2d179c935c77c60845d7c38d61182bf96125dac7a61864fd71595ee1caee7c99a0e97f69d5a00ab823e61dabd83c37a715259feff5c8ed5e77a346c97b62c8bbdd9d1703ab03dabdbe1b45b49186062bcac44ddec7661d5e57640d008f9073ee688d9b7f4e6a7b950d92a6ab432857f988503a963815e3cb73d5924f546ac1bb8e6ad30565f988cfa938ac4bcf1369da6a8334fb9baed846f27dbeb5c6788fe2f58b5b9820b0ba643f33bca429cf60319ad2107266375ea755ac5d43632fef25500f3b94ee03f2ae7eebc55a583b53528b3fede45798df7c483e63f0f044c7fd586cd625d788edaedb7aa0c93c960335bca894e5647b65aea8f22f9800319e8ea739ab7fda0d22e73c7bd78a59eadb6489c5c3a0ce0a8638fcaba083c42b1c802cfbc8ea158d734a0d1a5395fa9e8ad70ac7a62ab4b3a67a03eb5856baea4cb82483df7539af879872ff00ad734ac76c6ddcd492f030217a8aac1d99b26ab2ce37649eb56636dc99e9deb35b96ec3e4657421b8a823b7791f1db3d6a48a5123609abab851906a84b4105bf929b5c8fad67df44ad9ec054b797a7bb7e759d35e6ee4b7eb50aa6b61daeee64cd0ed989071546e5b0c41c9abd7526e248207d5b1587757bb5ce0e48eb5d2b5d50db4b7263305c822aa5c00f920e3d6a8cdab066c9c0acbd435460e769c01e86aecccf9a37b5cbf3ec0c76b73deabc8c146777358bfdacdbb19efd6a75be0cb926ba231ee4ca4586b87ddd091eb5566b92c483d2a5fb4650f22aaba86279eb5d115cace39c6fa885438c823d6b8ef155c0867f2ce09ee3d2bad9a19044ce31b5464f35c37892176ba32e776ee0e7d6bb69ee79d5a3a1ca6a1202c481d6a9dbaa97cb715a37d6c76ef38159d0c659abb11c27a77c1a48ee7c71a740e0940c661eccaa483f98afac744bb5fb6a091b11b31dcffddaf993e015917f114f2919916dd98e7b0c8afa0b4bb878c80e0e2b77aa36496ccf52d3b50b66b8916ddbcd4400162a5793db9acef1a2198da3b0dacca70ffec871c567e937e2d433804865f9bf0ad5f16799f67b43b46f51bb9f46287fa571ecf5396564ce935457b89e511fc8ac719eb8f7acf6b468a65258119eb5d2dcaab5c390a07cd8e4e6b0352cfda304803d6a2d77a18c95d171eca49230c240a07247ad3db4d8f53b67496492175f995e300e0fbfb55a8a412c7952197d452c7967d8a304fe15ad8c344c86c6c56de348e3662472c58e72ddcd4b36e8feb4fc18db9ebf5a2453c9ce695cab10b316192727d69a19b9279156172cbcd3240d1f6cd3b93cbd44550fd466a6e00c0c0a6c2ad807a73eb52cb0a1193c823919eb4171895ade68af24291ba3b29ecc33565631f74803d49ac593c3b0dd4fbfce920556dca8837639c8e49cd6c4b2b64924658e4d2e545b486c76e61b876eaac38a59305800067d69be6c8ab934c4fde1dc0f5a9913cc8926185e1a954064ebcd23b1d87239151ace58636853516648e320872dc9c564cfab5e5d4e22f2e345273b157240f5c9ad47cb2138cfbe6a3b752ac4fad357b85d9345bc2824e054ca8d21fbc07d6a279cc6c015041f4a7b33ab0f970beb9adb99762f987c96e0739c9fad4529900ca8c9fad4aac06f24e3eb5125c2cb920922aae172320c8b97183f5a877c6588ddc8eb562699578cf355986dcb6d073d78a915fb8e66dff28208f5aa5776c39c0ab41831040c7ad25cb2b2f039a077453b5b7db938ebe956e4b57f2f7023dc536023d7e6cd5bc90833924d0e56336ae529e266519000ea39aad0c61a4604018e957e460bc9354166696e00419e6b26eecda1151576cd6b350b19ca81ea714d9e60dc2d3be6545048f7aa135d471b901813de88a9277309c95f4255f2d5f9cb13ef4b70e8a9caee66381552da649ee3aee20f357e7405771e31f3715bdd752149b63fe5555e02923bd4657e63bf07bd45e7bca3246e20d31f73f1c8a52b743629ea36c9372bd6a5d2e178540624f3de9cdf7b0cd86ebcd5db565c67359593dc398b13e1631b8100fad53919b6fc956ae0b4898dc4ad50b89843f7ba0aa5a13385f5250c5e2c1507155e4f99806040ee6a7b7b88ae103213d70722ac9b70cbc8adada1518c2da95e381598061b811d4d57bab55da481822b49d8431631c8acd6b90ce41a4b46691b74332e216033c0fad25bdc08fe466e4f4c5684d1ac8b97526b3de14898bf39f7a6d86e5e86564c65b2339e95712512920022b9d935c8a16dad9cd5cd3b59376ff223000f24d66ee72d44ae68dc5b891bae3be6aac713452f5c8cd5f672d8c8233515c6d8c31dd9ef9a9b90a2b663cccbc65b9a37799cf5aa11ef67c8e455f8a41b40c735b4751a8ab914cc233820e4f6c567ea37a6d5d58ab052bfad6ac8c5db0179f5a82f74b375182e091df9aa564ce8e5bab1cbc9a9c97af90c700f426b634f9dfc91bf26a2b7d1e2b498fcb9c9e86b4c5b8e846053d1ec73c524f519249e4aa9391bba714e4668fe600e4d5e52022820616a19cee6ce3dea3954b714a4e2f43e7db5f899ab69726fb3bf7b6ddd42aaf3fa575761f1fb54fb3c48d732c930ea27457461e84d788899dc107a55769a589f86c0cfad7a8b96a22230543a1f51697f1f3cb4db71a746236396681b0d9f5f4ae9341f8e);

-- --------------------------------------------------------

--
-- Table structure for table `testing`
--

CREATE TABLE `testing` (
  `id` int(11) NOT NULL,
  `checkboxvalue` varchar(50) DEFAULT NULL,
  `name` varchar(30) DEFAULT NULL
) ENGINE=InnoDB DEFAULT CHARSET=utf8;

--
-- Dumping data for table `testing`
--

INSERT INTO `testing` (`id`, `checkboxvalue`, `name`) VALUES
(18, NULL, NULL),
(19, NULL, NULL),
(20, NULL, 'reshad'),
(21, NULL, 'omid'),
(22, NULL, 'obaid'),
(23, NULL, 'ali'),
(24, NULL, 'agha jan'),
(25, 'kaleem', '');

-- --------------------------------------------------------

--
-- Table structure for table `tst`
--

CREATE TABLE `tst` (
  `id` varchar(255) NOT NULL,
  `ename` varchar(255) NOT NULL,
  `salary` int(11) NOT NULL
) ENGINE=InnoDB DEFAULT CHARSET=utf8;

--
-- Dumping data for table `tst`
--

INSERT INTO `tst` (`id`, `ename`, `salary`) VALUES
('1', 'ksleem', 1200),
('INV-1', 'obaid', 0),
('INV1', 'reshad', 0),
('INV2', 'omid', 0),
('INV3', 'ali', 0),
('INV4', 'agha jan', 0),
('INV5', '', 0);

--
-- Indexes for dumped tables
--

--
-- Indexes for table `tbl_company_info`
--
ALTER TABLE `tbl_company_info`
  ADD PRIMARY KEY (`Inf_ID`);

--
-- Indexes for table `tbl_currency`
--
ALTER TABLE `tbl_currency`
  ADD PRIMARY KEY (`ID`);

--
-- Indexes for table `tbl_customer_debt`
--
ALTER TABLE `tbl_customer_debt`
  ADD PRIMARY KEY (`cus_dbt_id`),
  ADD KEY `cus_id` (`cus_id`),
  ADD KEY `Goods_id` (`G_ID`),
  ADD KEY `paid_currency` (`Paid_currency`);

--
-- Indexes for table `tbl_customer_reg`
--
ALTER TABLE `tbl_customer_reg`
  ADD PRIMARY KEY (`Cus_ID`);

--
-- Indexes for table `tbl_ex_expense`
--
ALTER TABLE `tbl_ex_expense`
  ADD PRIMARY KEY (`ex_id`);

--
-- Indexes for table `tbl_goods_reg`
--
ALTER TABLE `tbl_goods_reg`
  ADD PRIMARY KEY (`G_ID`),
  ADD UNIQUE KEY `barcode` (`barcode`);

--
-- Indexes for table `tbl_inst_cust_reg`
--
ALTER TABLE `tbl_inst_cust_reg`
  ADD PRIMARY KEY (`INST_ID`);

--
-- Indexes for table `tbl_inv_no`
--
ALTER TABLE `tbl_inv_no`
  ADD PRIMARY KEY (`inv_id`);

--
-- Indexes for table `tbl_old_bill`
--
ALTER TABLE `tbl_old_bill`
  ADD PRIMARY KEY (`ol_id`);

--
-- Indexes for table `tbl_purchase`
--
ALTER TABLE `tbl_purchase`
  ADD PRIMARY KEY (`P_ID`),
  ADD UNIQUE KEY `G_ID` (`G_ID`),
  ADD KEY `Currency` (`Currency`);

--
-- Indexes for table `tbl_purchase_rep`
--
ALTER TABLE `tbl_purchase_rep`
  ADD PRIMARY KEY (`P_ID`),
  ADD KEY `Currency` (`Currency`),
  ADD KEY `G_ID` (`G_ID`);

--
-- Indexes for table `tbl_sales`
--
ALTER TABLE `tbl_sales`
  ADD KEY `G_ID` (`G_ID`),
  ADD KEY `cus_id` (`cus_id`);

--
-- Indexes for table `tbl_sales_item_return`
--
ALTER TABLE `tbl_sales_item_return`
  ADD KEY `G_ID` (`G_ID`),
  ADD KEY `cus_id` (`cus_id`);

--
-- Indexes for table `tbl_sales_return_temp`
--
ALTER TABLE `tbl_sales_return_temp`
  ADD KEY `G_ID` (`G_ID`),
  ADD KEY `cus_id` (`cus_id`);

--
-- Indexes for table `tbl_sales_temp`
--
ALTER TABLE `tbl_sales_temp`
  ADD KEY `G_ID` (`G_ID`),
  ADD KEY `cus_id` (`cus_id`);

--
-- Indexes for table `tbl_transport`
--
ALTER TABLE `tbl_transport`
  ADD PRIMARY KEY (`trn_id`);

--
-- Indexes for table `tbl_user`
--
ALTER TABLE `tbl_user`
  ADD PRIMARY KEY (`User_ID`),
  ADD UNIQUE KEY `email` (`email`);

--
-- Indexes for table `testing`
--
ALTER TABLE `testing`
  ADD PRIMARY KEY (`id`);

--
-- Indexes for table `tst`
--
ALTER TABLE `tst`
  ADD PRIMARY KEY (`id`);

--
-- AUTO_INCREMENT for dumped tables
--

--
-- AUTO_INCREMENT for table `tbl_company_info`
--
ALTER TABLE `tbl_company_info`
  MODIFY `Inf_ID` int(11) NOT NULL AUTO_INCREMENT;

--
-- AUTO_INCREMENT for table `tbl_currency`
--
ALTER TABLE `tbl_currency`
  MODIFY `ID` int(11) NOT NULL AUTO_INCREMENT, AUTO_INCREMENT=3;

--
-- AUTO_INCREMENT for table `tbl_customer_debt`
--
ALTER TABLE `tbl_customer_debt`
  MODIFY `cus_dbt_id` int(11) NOT NULL AUTO_INCREMENT;

--
-- AUTO_INCREMENT for table `tbl_customer_reg`
--
ALTER TABLE `tbl_customer_reg`
  MODIFY `Cus_ID` int(11) NOT NULL AUTO_INCREMENT, AUTO_INCREMENT=7;

--
-- AUTO_INCREMENT for table `tbl_ex_expense`
--
ALTER TABLE `tbl_ex_expense`
  MODIFY `ex_id` int(11) NOT NULL AUTO_INCREMENT;

--
-- AUTO_INCREMENT for table `tbl_goods_reg`
--
ALTER TABLE `tbl_goods_reg`
  MODIFY `G_ID` int(11) NOT NULL AUTO_INCREMENT, AUTO_INCREMENT=12;

--
-- AUTO_INCREMENT for table `tbl_inst_cust_reg`
--
ALTER TABLE `tbl_inst_cust_reg`
  MODIFY `INST_ID` int(11) NOT NULL AUTO_INCREMENT;

--
-- AUTO_INCREMENT for table `tbl_inv_no`
--
ALTER TABLE `tbl_inv_no`
  MODIFY `inv_id` int(11) NOT NULL AUTO_INCREMENT, AUTO_INCREMENT=2;

--
-- AUTO_INCREMENT for table `tbl_old_bill`
--
ALTER TABLE `tbl_old_bill`
  MODIFY `ol_id` int(11) NOT NULL AUTO_INCREMENT, AUTO_INCREMENT=2;

--
-- AUTO_INCREMENT for table `tbl_purchase`
--
ALTER TABLE `tbl_purchase`
  MODIFY `P_ID` int(11) NOT NULL AUTO_INCREMENT, AUTO_INCREMENT=16;

--
-- AUTO_INCREMENT for table `tbl_purchase_rep`
--
ALTER TABLE `tbl_purchase_rep`
  MODIFY `P_ID` int(11) NOT NULL AUTO_INCREMENT, AUTO_INCREMENT=25;

--
-- AUTO_INCREMENT for table `tbl_transport`
--
ALTER TABLE `tbl_transport`
  MODIFY `trn_id` int(11) NOT NULL AUTO_INCREMENT;

--
-- AUTO_INCREMENT for table `tbl_user`
--
ALTER TABLE `tbl_user`
  MODIFY `User_ID` int(11) NOT NULL AUTO_INCREMENT, AUTO_INCREMENT=2;

--
-- AUTO_INCREMENT for table `testing`
--
ALTER TABLE `testing`
  MODIFY `id` int(11) NOT NULL AUTO_INCREMENT, AUTO_INCREMENT=26;

--
-- Constraints for dumped tables
--

--
-- Constraints for table `tbl_customer_debt`
--
ALTER TABLE `tbl_customer_debt`
  ADD CONSTRAINT `tbl_customer_debt_ibfk_1` FOREIGN KEY (`cus_id`) REFERENCES `tbl_customer_reg` (`Cus_ID`),
  ADD CONSTRAINT `tbl_customer_debt_ibfk_2` FOREIGN KEY (`G_ID`) REFERENCES `tbl_goods_reg` (`G_ID`),
  ADD CONSTRAINT `tbl_customer_debt_ibfk_3` FOREIGN KEY (`paid_currency`) REFERENCES `tbl_currency` (`ID`);

--
-- Constraints for table `tbl_purchase`
--
ALTER TABLE `tbl_purchase`
  ADD CONSTRAINT `tbl_purchase_ibfk_1` FOREIGN KEY (`Currency`) REFERENCES `tbl_currency` (`ID`),
  ADD CONSTRAINT `tbl_purchase_ibfk_2` FOREIGN KEY (`G_ID`) REFERENCES `tbl_goods_reg` (`G_ID`);

--
-- Constraints for table `tbl_purchase_rep`
--
ALTER TABLE `tbl_purchase_rep`
  ADD CONSTRAINT `tbl_purchase_rep_ibfk_1` FOREIGN KEY (`Currency`) REFERENCES `tbl_currency` (`ID`),
  ADD CONSTRAINT `tbl_purchase_rep_ibfk_2` FOREIGN KEY (`G_ID`) REFERENCES `tbl_goods_reg` (`G_ID`);

--
-- Constraints for table `tbl_sales`
--
ALTER TABLE `tbl_sales`
  ADD CONSTRAINT `tbl_sales_ibfk_1` FOREIGN KEY (`G_ID`) REFERENCES `tbl_goods_reg` (`G_ID`),
  ADD CONSTRAINT `tbl_sales_ibfk_2` FOREIGN KEY (`cus_id`) REFERENCES `tbl_customer_reg` (`Cus_ID`);

--
-- Constraints for table `tbl_sales_item_return`
--
ALTER TABLE `tbl_sales_item_return`
  ADD CONSTRAINT `tbl_sales_item_return_ibfk_1` FOREIGN KEY (`G_ID`) REFERENCES `tbl_goods_reg` (`G_ID`),
  ADD CONSTRAINT `tbl_sales_item_return_ibfk_2` FOREIGN KEY (`cus_id`) REFERENCES `tbl_customer_reg` (`Cus_ID`);

--
-- Constraints for table `tbl_sales_return_temp`
--
ALTER TABLE `tbl_sales_return_temp`
  ADD CONSTRAINT `tbl_sales_return_temp_ibfk_1` FOREIGN KEY (`G_ID`) REFERENCES `tbl_goods_reg` (`G_ID`),
  ADD CONSTRAINT `tbl_sales_return_temp_ibfk_2` FOREIGN KEY (`cus_id`) REFERENCES `tbl_customer_reg` (`Cus_ID`);

--
-- Constraints for table `tbl_sales_temp`
--
ALTER TABLE `tbl_sales_temp`
  ADD CONSTRAINT `tbl_sales_temp_ibfk_1` FOREIGN KEY (`G_ID`) REFERENCES `tbl_goods_reg` (`G_ID`),
  ADD CONSTRAINT `tbl_sales_temp_ibfk_2` FOREIGN KEY (`cus_id`) REFERENCES `tbl_customer_reg` (`Cus_ID`);
COMMIT;

/*!40101 SET CHARACTER_SET_CLIENT=@OLD_CHARACTER_SET_CLIENT */;
/*!40101 SET CHARACTER_SET_RESULTS=@OLD_CHARACTER_SET_RESULTS */;
/*!40101 SET COLLATION_CONNECTION=@OLD_COLLATION_CONNECTION */;
